-- phpMyAdmin SQL Dump
-- version 5.0.2
-- https://www.phpmyadmin.net/
--
-- Host: 127.0.0.1
-- Generation Time: Sep 01, 2020 at 11:57 AM
-- Server version: 8.0.18
-- PHP Version: 7.1.33

SET SQL_MODE = "NO_AUTO_VALUE_ON_ZERO";
START TRANSACTION;
SET time_zone = "+00:00";


/*!40101 SET @OLD_CHARACTER_SET_CLIENT=@@CHARACTER_SET_CLIENT */;
/*!40101 SET @OLD_CHARACTER_SET_RESULTS=@@CHARACTER_SET_RESULTS */;
/*!40101 SET @OLD_COLLATION_CONNECTION=@@COLLATION_CONNECTION */;
/*!40101 SET NAMES utf8mb4 */;

--
-- Database: `penjurusan-sekolah`
--

-- --------------------------------------------------------

--
-- Table structure for table `bk`
--

CREATE TABLE `bk` (
  `id_bk` int(11) NOT NULL,
  `nama_bk` varchar(50) CHARACTER SET latin1 COLLATE latin1_swedish_ci NOT NULL,
  `username` varchar(50) NOT NULL,
  `password` varchar(20) NOT NULL
) ENGINE=InnoDB DEFAULT CHARSET=latin1 ROW_FORMAT=COMPACT;

--
-- Dumping data for table `bk`
--

INSERT INTO `bk` (`id_bk`, `nama_bk`, `username`, `password`) VALUES
(1, 'Siti Yana', 'siti', 'siti123');

-- --------------------------------------------------------

--
-- Table structure for table `minat_kerja`
--

CREATE TABLE `minat_kerja` (
  `id_minat_kerja` int(11) NOT NULL,
  `id_siswa` int(11) NOT NULL,
  `kerja` varchar(30) CHARACTER SET latin1 COLLATE latin1_swedish_ci NOT NULL,
  `alasan` text CHARACTER SET latin1 COLLATE latin1_swedish_ci NOT NULL
) ENGINE=InnoDB DEFAULT CHARSET=latin1;

--
-- Dumping data for table `minat_kerja`
--

INSERT INTO `minat_kerja` (`id_minat_kerja`, `id_siswa`, `kerja`, `alasan`) VALUES
(2, 1, 'Guru', 'Karena ingin memberi ilmu dengan anak murid saya.'),
(3, 1, 'Polwan', 'karena supaya menjaga keamanan dan kelestarian'),
(4, 1, 'Guru Agama', 'Membimbing dan memberi ilmu agama tentang akhlak');

-- --------------------------------------------------------

--
-- Table structure for table `minat_mapel`
--

CREATE TABLE `minat_mapel` (
  `id_minat_mapel` int(11) NOT NULL,
  `id_siswa` int(11) NOT NULL,
  `mapel` varchar(30) CHARACTER SET latin1 COLLATE latin1_swedish_ci NOT NULL,
  `alasan` text CHARACTER SET latin1 COLLATE latin1_swedish_ci NOT NULL
) ENGINE=InnoDB DEFAULT CHARSET=latin1;

--
-- Dumping data for table `minat_mapel`
--

INSERT INTO `minat_mapel` (`id_minat_mapel`, `id_siswa`, `mapel`, `alasan`) VALUES
(1, 1, 'Agama Islam', 'Karena mempelajari tentang agama dan akhlak ya'),
(2, 1, 'Bahasa Indonesia', 'Karena mempelajari tentang bahasa yang jelas dan efektif'),
(3, 1, 'Seni Budaya', 'Karena mempelajari tentang kesenian');

-- --------------------------------------------------------

--
-- Table structure for table `minat_pt`
--

CREATE TABLE `minat_pt` (
  `id_minat_pt` int(11) NOT NULL,
  `id_siswa` int(11) NOT NULL,
  `pt` varchar(30) CHARACTER SET latin1 COLLATE latin1_swedish_ci NOT NULL,
  `alasan` text CHARACTER SET latin1 COLLATE latin1_swedish_ci NOT NULL
) ENGINE=InnoDB DEFAULT CHARSET=latin1;

--
-- Dumping data for table `minat_pt`
--

INSERT INTO `minat_pt` (`id_minat_pt`, `id_siswa`, `pt`, `alasan`) VALUES
(1, 1, 'UNRI', 'Saya ingin melanjut ke perguruan tinggi'),
(2, 1, 'UIN', 'Ingin melanjuti perguruan tinggi'),
(3, 1, 'Amik Dumai', 'Ingin mencapai prestasi');

-- --------------------------------------------------------

--
-- Table structure for table `nilai`
--

CREATE TABLE `nilai` (
  `id_nilai` int(11) NOT NULL,
  `id_siswa` int(11) NOT NULL,
  `mtk` float NOT NULL,
  `ipa` float NOT NULL,
  `psikotes` float NOT NULL
) ENGINE=InnoDB DEFAULT CHARSET=latin1;

--
-- Dumping data for table `nilai`
--

INSERT INTO `nilai` (`id_nilai`, `id_siswa`, `mtk`, `ipa`, `psikotes`) VALUES
(1, 1, 68, 73, 86),
(2, 2, 74, 71, 104),
(3, 3, 77, 80, 91),
(4, 4, 73, 79, 97),
(5, 5, 81, 83, 96),
(6, 6, 76, 70, 90),
(7, 7, 71, 76, 104),
(8, 8, 79, 81, 90),
(9, 9, 85, 90, 94),
(10, 10, 83, 83, 95),
(11, 11, 77, 80, 96),
(12, 12, 82, 73, 118),
(13, 13, 87, 87, 97),
(14, 14, 76, 77, 89),
(15, 15, 83, 82, 95),
(16, 16, 77, 81, 95),
(17, 17, 81, 72, 112),
(18, 18, 78, 77, 87),
(19, 19, 82, 78, 98),
(20, 20, 83, 82, 90),
(21, 21, 8.8, 8.9, 93),
(22, 22, 80, 79, 96),
(23, 23, 81, 85, 93),
(24, 24, 82, 83, 99),
(25, 25, 68, 69, 89),
(26, 26, 86, 86, 93),
(27, 27, 78, 78, 86),
(28, 28, 91, 91, 92),
(29, 29, 85, 84, 86),
(30, 30, 78, 78, 89),
(31, 31, 84, 85, 90),
(32, 32, 89, 88, 97),
(33, 33, 89, 85, 101),
(34, 34, 80, 82, 118),
(35, 35, 77, 78, 101),
(36, 36, 88, 84, 110),
(37, 37, 89, 89, 93),
(38, 38, 86, 81, 101),
(39, 39, 78, 85, 96),
(40, 40, 73, 84, 107),
(41, 41, 78, 83, 88),
(42, 42, 79, 78, 85),
(43, 43, 74, 80, 92),
(44, 44, 77, 84, 93),
(45, 45, 86, 84, 88),
(46, 46, 79, 79, 96),
(47, 47, 83, 84, 95),
(48, 48, 87, 82, 100),
(49, 49, 90, 93, 112),
(50, 50, 67, 65, 90),
(51, 51, 80, 85, 91),
(52, 52, 82, 80, 98),
(53, 53, 72, 81, 100),
(54, 54, 83, 72, 98),
(55, 55, 81, 72, 94),
(56, 56, 83, 90, 103),
(57, 57, 79, 83, 95),
(58, 58, 85, 83, 91),
(59, 59, 88, 92, 94),
(60, 60, 92, 83, 89),
(61, 61, 74, 82, 107),
(62, 62, 79, 79, 83),
(63, 63, 92, 93, 86),
(64, 64, 77, 84, 100),
(65, 65, 84, 86, 96),
(66, 66, 83, 90, 95),
(67, 67, 77, 86, 92),
(68, 68, 77, 78, 81),
(69, 69, 90, 82, 92),
(70, 70, 77.77, 82.87, 100),
(71, 71, 77, 80, 93),
(72, 72, 91, 93, 84),
(73, 73, 72, 75, 97),
(74, 74, 87, 81, 92),
(75, 75, 83, 84, 93),
(76, 76, 87, 92, 101),
(77, 77, 73, 76, 115),
(78, 78, 73, 80, 104),
(79, 79, 84, 86, 109),
(80, 80, 85, 89, 86),
(81, 81, 82, 83, 90),
(82, 82, 86, 84, 98),
(83, 83, 73, 70, 92),
(84, 84, 81, 77, 88),
(85, 85, 75, 70, 90),
(86, 86, 75, 71, 98),
(87, 87, 78, 82, 86),
(88, 88, 93, 95, 88),
(89, 89, 81, 86, 100),
(90, 90, 86, 92, 110),
(91, 91, 76, 81, 101),
(92, 92, 78, 82, 89),
(93, 93, 78, 87, 89),
(94, 94, 89, 89, 85),
(95, 95, 86, 89, 94),
(96, 96, 71, 70, 96),
(97, 97, 85, 85, 89),
(98, 98, 81, 80, 78),
(99, 99, 77, 80, 77),
(100, 100, 86, 88, 89),
(101, 101, 77, 76, 86),
(102, 102, 84, 87, 90),
(103, 103, 82, 83, 90),
(104, 104, 82, 86, 88),
(105, 105, 76, 76, 90),
(106, 106, 78, 81, 98),
(107, 107, 81, 83, 89),
(108, 108, 79, 79, 89),
(109, 109, 90, 89, 81),
(110, 110, 84, 81, 87),
(111, 111, 88, 90, 104),
(112, 112, 83, 80, 88),
(113, 113, 78, 79, 89),
(114, 114, 74, 78, 79),
(115, 115, 90, 90, 94),
(116, 116, 84, 81, 103),
(117, 117, 94, 91, 95),
(118, 118, 86, 91, 87),
(119, 119, 85, 88, 91),
(120, 120, 85, 87, 95),
(121, 121, 76, 79, 92),
(122, 122, 72, 81, 86),
(123, 123, 91, 93, 87),
(124, 124, 83, 87, 94),
(125, 125, 75, 81, 93),
(126, 126, 86, 83, 89),
(127, 127, 89, 85, 87),
(128, 128, 69, 71, 104),
(129, 129, 86, 83, 91),
(130, 130, 77, 81, 97),
(131, 131, 74, 78, 96),
(132, 132, 88, 76, 90),
(133, 133, 89, 86, 104),
(134, 134, 89, 86, 90),
(135, 135, 76, 83, 94),
(136, 136, 81, 79, 95),
(137, 137, 82, 80, 103),
(138, 138, 81, 83, 95),
(139, 139, 78, 71, 87),
(140, 140, 82, 89, 91),
(141, 141, 83, 86, 95),
(142, 142, 84, 85, 92),
(143, 143, 77, 79, 86),
(144, 144, 80, 81, 87),
(145, 145, 88, 87, 86),
(146, 146, 88, 87, 90),
(147, 147, 86, 87, 90),
(148, 148, 88, 84, 88),
(149, 149, 86, 84, 90),
(150, 150, 81, 84, 98),
(151, 151, 82, 83, 89),
(152, 152, 70, 86, 89),
(153, 153, 85, 87, 81),
(154, 154, 79, 71, 92),
(155, 155, 82, 80, 93),
(156, 156, 83, 73, 88),
(157, 157, 80, 84, 96),
(158, 158, 80, 85, 88),
(159, 159, 87, 87, 78),
(160, 160, 76, 70, 77),
(161, 161, 89, 84, 89),
(162, 162, 86, 87, 86),
(163, 163, 87, 86, 90),
(164, 164, 88, 91, 90),
(165, 165, 77, 79, 88),
(166, 166, 76, 70, 90),
(167, 167, 84, 86, 98),
(168, 168, 81, 83, 89),
(169, 169, 80, 84, 96),
(170, 170, 87, 89, 99),
(171, 171, 77, 80, 89),
(172, 172, 80, 80, 90),
(173, 173, 74, 74, 90),
(174, 174, 95, 92, 89),
(175, 175, 80, 79, 110),
(176, 176, 80.84, 80.85, 90),
(177, 177, 82, 79, 86),
(178, 178, 83, 79, 84),
(179, 179, 79, 86, 85),
(180, 180, 78, 78, 97),
(181, 181, 83, 70, 89),
(182, 182, 80, 85, 90),
(183, 183, 82, 81, 99),
(184, 184, 86, 88, 96),
(185, 185, 82, 80, 94),
(186, 186, 81, 80, 101),
(187, 187, 85, 83, 99),
(188, 188, 91, 95, 87),
(189, 189, 82, 82, 89),
(190, 190, 88, 86, 97),
(191, 191, 78, 78, 86),
(192, 192, 85, 86, 104),
(193, 193, 74, 71, 98),
(194, 194, 82, 84, 89),
(195, 195, 79, 78, 110),
(196, 196, 90, 92, 99),
(197, 197, 77, 88, 98),
(198, 198, 76, 82, 87),
(199, 199, 76, 82, 96),
(200, 200, 77, 80, 97),
(201, 201, 80, 81, 95),
(202, 202, 90, 92, 91),
(203, 203, 78, 84, 99),
(204, 204, 70, 81, 90),
(205, 205, 77, 77, 84),
(206, 206, 84, 81, 92),
(207, 207, 86, 92, 110),
(208, 208, 85, 87, 87),
(209, 209, 81, 79, 93),
(210, 210, 81, 80, 86),
(211, 211, 76, 75, 88),
(212, 212, 76, 83.3, 99),
(213, 213, 85, 84, 87),
(214, 214, 89, 90, 88),
(215, 215, 80, 84, 99),
(216, 216, 79, 81, 90),
(217, 217, 79, 77, 94),
(218, 218, 81, 85, 95),
(219, 219, 88, 85, 99),
(220, 220, 80.79, 80.78, 96),
(221, 221, 76, 81, 88),
(222, 222, 83, 90, 86),
(223, 223, 82, 85, 96),
(224, 224, 79, 74, 94),
(225, 225, 89, 83, 112),
(226, 226, 76, 79, 89),
(227, 227, 92, 92, 96),
(228, 228, 81, 73, 92),
(229, 229, 75, 79, 90),
(230, 230, 74, 69, 86),
(231, 231, 89, 86, 99),
(232, 232, 88, 92, 94);

-- --------------------------------------------------------

--
-- Table structure for table `peminatan`
--

CREATE TABLE `peminatan` (
  `id_peminatan` int(11) NOT NULL,
  `id_siswa` int(11) NOT NULL,
  `pilihan` int(11) NOT NULL,
  `alasan` text NOT NULL
) ENGINE=InnoDB DEFAULT CHARSET=latin1;

--
-- Dumping data for table `peminatan`
--

INSERT INTO `peminatan` (`id_peminatan`, `id_siswa`, `pilihan`, `alasan`) VALUES
(1, 1, 2, 'Karena saya lebih suka ilmu-ilmu sosial');

-- --------------------------------------------------------

--
-- Table structure for table `siswa`
--

CREATE TABLE `siswa` (
  `id_siswa` int(11) NOT NULL,
  `no_peserta` varchar(30) NOT NULL,
  `nama_siswa` varchar(50) NOT NULL,
  `tempat_lahir` varchar(50) NOT NULL,
  `tanggal_lahir` varchar(30) NOT NULL,
  `agama` varchar(40) NOT NULL,
  `alamat` text NOT NULL,
  `no_hp` varchar(13) NOT NULL,
  `asal_sekolah` varchar(50) NOT NULL,
  `status_sekolah_asal` varchar(20) NOT NULL,
  `bulan_tahun_masuk_smp` varchar(20) NOT NULL,
  `bulan_tahun_lulus_smp` varchar(20) NOT NULL,
  `password` varchar(20) NOT NULL,
  `partisi_c1` float NOT NULL DEFAULT '0',
  `partisi_c2` float NOT NULL DEFAULT '0',
  `c_value` float NOT NULL DEFAULT '0'
) ENGINE=InnoDB DEFAULT CHARSET=latin1;

--
-- Dumping data for table `siswa`
--

INSERT INTO `siswa` (`id_siswa`, `no_peserta`, `nama_siswa`, `tempat_lahir`, `tanggal_lahir`, `agama`, `alamat`, `no_hp`, `asal_sekolah`, `status_sekolah_asal`, `bulan_tahun_masuk_smp`, `bulan_tahun_lulus_smp`, `password`, `partisi_c1`, `partisi_c2`, `c_value`) VALUES
(1, '2020000213', 'ADE SATRIA', '', '', '', '', '', '', '', '', '', '2020000213', 0.7, 0.3, 0.650616),
(2, '2020000062', 'Adlyl Adnan Gymnastiar', '', '', '', '', '', '', '', '', '', '2020000062', 0.8, 0.2, 0.465221),
(3, '2020000220', 'AGUNG NUR RAHMAN', '', '', '', '', '', '', '', '', '', '2020000220', 0.8, 0.2, 0.929457),
(4, '2020000036', 'AHMAD DANI', '', '', '', '', '', '', '', '', '', '2020000036', 1, 0, 0.567362),
(5, '2020000202', 'AHMAD RIFANSYAH', '', '', '', '', '', '', '', '', '', '2020000202', 0.3, 0.7, 0.286172),
(6, '2020000265', 'AHMAD YUDISTIRO', '', '', '', '', '', '', '', '', '', '2020000265', 0.8, 0.2, 0.603998),
(7, '2020000057', 'ALDO VERNANDITO MANALU', '', '', '', '', '', '', '', '', '', '2020000057', 0.6, 0.4, 0.488883),
(8, '2020000196', 'ALFIAN RAMADANI', '', '', '', '', '', '', '', '', '', '2020000196', 0.4, 0.6, 0.785326),
(9, '2020000171', 'ALINA AFRILIA SAPUTRI', '', '', '', '', '', '', '', '', '', '2020000171', 0.1, 0.9, 0.420949),
(10, '2020000164', 'ANANDA HUSMIA TAMARA', '', '', '', '', '', '', '', '', '', '2020000164', 0.3, 0.7, 0.250237),
(11, '2020000053', 'ANDI ARFANDI', '', '', '', '', '', '', '', '', '', '2020000053', 0.4, 0.6, 0.462801),
(12, '2020000162', 'ANDRE BUDI SETIAWAN', '', '', '', '', '', '', '', '', '', '2020000162', 0.8, 0.2, 0.435302),
(13, '2020000127', 'Angelina Mawarsari Sibarani', '', '', '', '', '', '', '', '', '', '2020000127', 0.2, 0.8, 0.357195),
(14, '2020000052', 'ANGGA MAULANA', '', '', '', '', '', '', '', '', '', '2020000052', 0.6, 0.4, 0.868638),
(15, '2020000022', 'ANGGI AULIA SAFITRI', '', '', '', '', '', '', '', '', '', '2020000022', 0.4, 0.6, 0.197902),
(16, '2020000101', 'Aniel Fahsya', '', '', '', '', '', '', '', '', '', '2020000101', 0.5, 0.5, 0.520359),
(17, '2020000042', 'ANISA MAYANG AGUSTIN', '', '', '', '', '', '', '', '', '', '2020000042', 0.5, 0.5, 0.422723),
(18, '2020000038', 'ANISA RAHMA SIRAIT', '', '', '', '', '', '', '', '', '', '2020000038', 0.9, 0.1, 0.793313),
(19, '2020000176', 'ANNISA CAESARA RAMADHANI', '', '', '', '', '', '', '', '', '', '2020000176', 0.9, 0.1, 0.198644),
(20, '2020000242', 'ANNISA RAMADANI AKLI NABILA', '', '', '', '', '', '', '', '', '', '2020000242', 0.5, 0.5, 0.414368),
(21, '2020000207', 'ANNISA RAMADHANI ARMITA', '', '', '', '', '', '', '', '', '', '2020000207', 0.3, 0.7, 0.513462),
(22, '2020000177', 'ARDELIA SETIA FITRI', '', '', '', '', '', '', '', '', '', '2020000177', 0.1, 0.9, 0.172146),
(23, '2020000136', 'ARIEF KURNIAWAN', '', '', '', '', '', '', '', '', '', '2020000136', 0.7, 0.3, 0.41956),
(24, '2020000082', 'ARIS BORNEO', '', '', '', '', '', '', '', '', '', '2020000082', 0.2, 0.8, 0.297475),
(25, '2020000080', 'Armansyah', '', '', '', '', '', '', '', '', '', '2020000080', 0.4, 0.6, 0.610592),
(26, '2020000087', 'ARPIYA MALJUMAR', '', '', '', '', '', '', '', '', '', '2020000087', 0.3, 0.7, 0.366802),
(27, '2020000239', 'ASTRI DEWI', '', '', '', '', '', '', '', '', '', '2020000239', 0.9, 0.1, 0.77189),
(28, '2020000172', 'ATIKA NUR FADILLAH', '', '', '', '', '', '', '', '', '', '2020000172', 0.7, 0.3, 0.425751),
(29, '2020000232', 'AUDI PUTRI ANGGINI', '', '', '', '', '', '', '', '', '', '2020000232', 0.9, 0.1, 0.497814),
(30, '2020000023', 'AULYA SINDY RAMA DANI', '', '', '', '', '', '', '', '', '', '2020000023', 0.4, 0.6, 0.918262),
(31, '2020000093', 'AURA FAWZIA', '', '', '', '', '', '', '', '', '', '2020000093', 0.3, 0.7, 0.431829),
(32, '2020000192', 'AZHA SETIA DINI', '', '', '', '', '', '', '', '', '', '2020000192', 0.8, 0.2, 0.374404),
(33, '2020000208', 'Bela Apriani BR Panjaitan', '', '', '', '', '', '', '', '', '', '2020000208', 0.6, 0.4, 0.348435),
(34, '2020000070', 'BELLA DARIANA', '', '', '', '', '', '', '', '', '', '2020000070', 0.2, 0.8, 0.43825),
(35, '2020000120', 'BERTA JANUARI SITUMEANG', '', '', '', '', '', '', '', '', '', '2020000120', 0.5, 0.5, 0.399598),
(36, '2020000163', 'BUANA BILHUDA', '', '', '', '', '', '', '', '', '', '2020000163', 0.1, 0.9, 0.39423),
(37, '2020000199', 'BUNGA INDY SEFRIANTI', '', '', '', '', '', '', '', '', '', '2020000199', 0.5, 0.5, 0.404798),
(38, '2020000095', 'CHYNTIA ANGRAINI', '', '', '', '', '', '', '', '', '', '2020000095', 0.3, 0.7, 0.296967),
(39, '2020000260', 'CINDIKA RESI KLARA', '', '', '', '', '', '', '', '', '', '2020000260', 0.2, 0.8, 0.452297),
(40, '2020000049', 'Cindy Haryanti', '', '', '', '', '', '', '', '', '', '2020000049', 0.5, 0.5, 0.462412),
(41, '2020000182', 'DARA FAZILA', '', '', '', '', '', '', '', '', '', '2020000182', 0.7, 0.3, 0.719773),
(42, '2020000231', 'Dara sahara dewi', '', '', '', '', '', '', '', '', '', '2020000231', 0.4, 0.6, 0.71557),
(43, '2020000075', 'DEA RISKI KURNIA', '', '', '', '', '', '', '', '', '', '2020000075', 0.7, 0.3, 0.779635),
(44, '2020000206', 'DEANNA PUTERI ERFHANDY', '', '', '', '', '', '', '', '', '', '2020000206', 0.5, 0.5, 0.590202),
(45, '2020000072', 'DEBORA PANGGABEAN', '', '', '', '', '', '', '', '', '', '2020000072', 0.5, 0.5, 0.442317),
(46, '2020000086', 'DELLA SRIWAHYUNI', '', '', '', '', '', '', '', '', '', '2020000086', 0.9, 0.1, 0.266874),
(47, '2020000117', 'DENTRI SEVIANA', '', '', '', '', '', '', '', '', '', '2020000117', 0.6, 0.4, 0.295143),
(48, '2020000118', 'DEO STEAFIN SYAM', '', '', '', '', '', '', '', '', '', '2020000118', 0.5, 0.5, 0.298945),
(49, '2020000045', 'DEPA FEBRIANSYAH SALSABILA', '', '', '', '', '', '', '', '', '', '2020000045', 0.6, 0.4, 0.427397),
(50, '2020000237', 'Deva Marcel Nainggolan', '', '', '', '', '', '', '', '', '', '2020000237', 0.6, 0.4, 0.576713),
(51, '2020000060', 'DHANI ANANDA SIAHAAN', '', '', '', '', '', '', '', '', '', '2020000060', 0.3, 0.7, 0.526525),
(52, '2020000041', 'DHAVA RIZKY PRATAMA', '', '', '', '', '', '', '', '', '', '2020000041', 0.6, 0.4, 0.205566),
(53, '2020000150', 'DIAH FITRIANI', '', '', '', '', '', '', '', '', '', '2020000150', 0.7, 0.3, 0.515388),
(54, '2020000054', 'Dian Fahrian Sah', '', '', '', '', '', '', '', '', '', '2020000054', 0.4, 0.6, 0.337089),
(55, '2020000148', 'DIAN IRAWAN', '', '', '', '', '', '', '', '', '', '2020000148', 0.2, 0.8, 0.403363),
(56, '2020000102', 'DIAN NAYLA ARTIKA', '', '', '', '', '', '', '', '', '', '2020000102', 0.7, 0.3, 0.409071),
(57, '2020000094', 'DIAN RAHMADHANIA', '', '', '', '', '', '', '', '', '', '2020000094', 0.4, 0.6, 0.399398),
(58, '2020000008', 'Diffa Adira Pramidya', '', '', '', '', '', '', '', '', '', '2020000008', 0.3, 0.7, 0.349502),
(59, '2020000039', 'DIKY PERMANA', '', '', '', '', '', '', '', '', '', '2020000039', 0.6, 0.4, 0.426595),
(60, '2020000229', 'DINDA FADILLAH', '', '', '', '', '', '', '', '', '', '2020000229', 0.6, 0.4, 0.402462),
(61, '2020000012', 'DINDA KURNIATI', '', '', '', '', '', '', '', '', '', '2020000012', 0.7, 0.3, 0.451165),
(62, '2020000159', 'DINI RAHMADANI', '', '', '', '', '', '', '', '', '', '2020000159', 0.4, 0.6, 0.67434),
(63, '2020000128', 'DINNY AFRILLIANTI', '', '', '', '', '', '', '', '', '', '2020000128', 0.9, 0.1, 0.466348),
(64, '2020000224', 'DIVANI JAYANTI', '', '', '', '', '', '', '', '', '', '2020000224', 0.2, 0.8, 0.426012),
(65, '2020000133', 'Duwi winara', '', '', '', '', '', '', '', '', '', '2020000133', 0.7, 0.3, 0.344513),
(66, '2020000124', 'DWI ANDINI', '', '', '', '', '', '', '', '', '', '2020000124', 0.7, 0.3, 0.428633),
(67, '2020000197', 'DWI NUR AINI', '', '', '', '', '', '', '', '', '', '2020000197', 0.6, 0.4, 0.581),
(68, '2020000255', 'DYANITA ELIZA NATALIA.P', '', '', '', '', '', '', '', '', '', '2020000255', 0.5, 0.5, 0.664778),
(69, '2020000139', 'EDISON PANJAITAN', '', '', '', '', '', '', '', '', '', '2020000139', 0.3, 0.7, 0.344679),
(70, '2020000233', 'EKA BAGUS WIRA BAKTI SUDJIARTO', '', '', '', '', '', '', '', '', '', '2020000233', 0.7, 0.3, 0.397308),
(71, '2020000185', 'Eka Novianti', '', '', '', '', '', '', '', '', '', '2020000185', 0.8, 0.2, 0.744514),
(72, '2020000044', 'EKO FEBRIANTO PRATAMA', '', '', '', '', '', '', '', '', '', '2020000044', 0.5, 0.5, 0.479332),
(73, '2020000046', 'ELIA SAPTIA ANDINI', '', '', '', '', '', '', '', '', '', '2020000046', 0.5, 0.5, 0.567425),
(74, '2020000205', 'ELSA DAMERIA HUTABARAT', '', '', '', '', '', '', '', '', '', '2020000205', 0.4, 0.6, 0.292476),
(75, '2020000071', 'ELSARI CORYANA LUMBAN RAJA', '', '', '', '', '', '', '', '', '', '2020000071', 0.5, 0.5, 0.33331),
(76, '2020000009', 'Erick Cantona Ritonga', '', '', '', '', '', '', '', '', '', '2020000009', 0.1, 0.9, 0.410439),
(77, '2020000264', 'EVAN PRAYOGA', '', '', '', '', '', '', '', '', '', '2020000264', 0.4, 0.6, 0.458406),
(78, '2020000191', 'FADILLAH NAWANGWULAN', '', '', '', '', '', '', '', '', '', '2020000191', 0.5, 0.5, 0.46681),
(79, '2020000016', 'FADLA ARVIN', '', '', '', '', '', '', '', '', '', '2020000016', 0.6, 0.4, 0.402028),
(80, '2020000037', 'FADYLA SRI WATI', '', '', '', '', '', '', '', '', '', '2020000037', 0.2, 0.8, 0.498761),
(81, '2020000032', 'Fajar al-farabie', '', '', '', '', '', '', '', '', '', '2020000032', 0.3, 0.7, 0.473025),
(82, '2020000089', 'FAKHRIREZA AHMAD', '', '', '', '', '', '', '', '', '', '2020000089', 0.5, 0.5, 0.301974),
(83, '2020000217', 'FANNY FEBYYANI', '', '', '', '', '', '', '', '', '', '2020000217', 0.1, 0.9, 0.602405),
(84, '2020000249', 'FARIDA', '', '', '', '', '', '', '', '', '', '2020000249', 0.4, 0.6, 0.644109),
(85, '2020000081', 'FEBI AGUS MERI PUTRI', '', '', '', '', '', '', '', '', '', '2020000081', 0.3, 0.7, 0.613573),
(86, '2020000161', 'FIRZA ALFAROTSI', '', '', '', '', '', '', '', '', '', '2020000161', 0.5, 0.5, 0.495956),
(87, '2020000204', 'fitri mutiara', '', '', '', '', '', '', '', '', '', '2020000204', 0.2, 0.8, 0.724495),
(88, '2020000263', 'FITRIA UTAMI', '', '', '', '', '', '', '', '', '', '2020000263', 0.6, 0.4, 0.460167),
(89, '2020000132', 'GRECIA SITANGGANG', '', '', '', '', '', '', '', '', '', '2020000132', 1, 0, 0.375669),
(90, '2020000033', 'HASRILIZA', '', '', '', '', '', '', '', '', '', '2020000033', 0.9, 0.1, 0.424594),
(91, '2020000230', 'HAUDI MAJENDA', '', '', '', '', '', '', '', '', '', '2020000230', 0.9, 0.1, 0.429051),
(92, '2020000149', 'HERYAN ELVANDI', '', '', '', '', '', '', '', '', '', '2020000149', 0.5, 0.5, 0.776241),
(93, '2020000170', 'IIN SURYANINGSIH', '', '', '', '', '', '', '', '', '', '2020000170', 0.7, 0.3, 0.594287),
(94, '2020000061', 'IKLIMA SARI', '', '', '', '', '', '', '', '', '', '2020000061', 0.5, 0.5, 0.475311),
(95, '2020000034', 'IMA ADE ANUGRAH', '', '', '', '', '', '', '', '', '', '2020000034', 0.3, 0.7, 0.403752),
(96, '2020000119', 'IMAM AFANDI', '', '', '', '', '', '', '', '', '', '2020000119', 0.7, 0.3, 0.560316),
(97, '2020000201', 'Indah Meliandah Gunawan', '', '', '', '', '', '', '', '', '', '2020000201', 0.6, 0.4, 0.440578),
(98, '2020000266', 'INDO LESTARI', '', '', '', '', '', '', '', '', '', '2020000266', 0.4, 0.6, 0.595361),
(99, '2020000212', 'INDRY NAULINA', '', '', '', '', '', '', '', '', '', '2020000212', 0.8, 0.2, 0.619373),
(100, '2020000115', 'Inri Simanulang', '', '', '', '', '', '', '', '', '', '2020000115', 0.5, 0.5, 0.45154),
(101, '2020000253', 'IQBAL', '', '', '', '', '', '', '', '', '', '2020000253', 0.4, 0.6, 0.752668),
(102, '2020000015', 'IRA MULANDA', '', '', '', '', '', '', '', '', '', '2020000015', 0.5, 0.5, 0.451923),
(103, '2020000187', 'Juara Rapolo Open Hutahaean', '', '', '', '', '', '', '', '', '', '2020000187', 0.3, 0.7, 0.473025),
(104, '2020000059', 'JULI SEKAR SARI', '', '', '', '', '', '', '', '', '', '2020000059', 0.8, 0.2, 0.527468),
(105, '2020000245', 'JUSLINAR', '', '', '', '', '', '', '', '', '', '2020000245', 0.8, 0.2, 0.829471),
(106, '2020000174', 'Juwita Febriani', '', '', '', '', '', '', '', '', '', '2020000174', 0.4, 0.6, 0.369351),
(107, '2020000079', 'Juwita Yustika', '', '', '', '', '', '', '', '', '', '2020000079', 0.7, 0.3, 0.569795),
(108, '2020000109', 'KRISTOFELIX NADEAK', '', '', '', '', '', '', '', '', '', '2020000109', 0.7, 0.3, 0.873352),
(109, '2020000252', 'kurnia ningsih', '', '', '', '', '', '', '', '', '', '2020000252', 0.5, 0.5, 0.495094),
(110, '2020000010', 'KURNIA SEPTINA AUDY', '', '', '', '', '', '', '', '', '', '2020000010', 0.5, 0.5, 0.501253),
(111, '2020000013', 'LAILATUL MAGHFIROH', '', '', '', '', '', '', '', '', '', '2020000013', 0.7, 0.3, 0.39823),
(112, '2020000123', 'LIA RAMADANI SAFITRI', '', '', '', '', '', '', '', '', '', '2020000123', 0.5, 0.5, 0.509907),
(113, '2020000226', 'LILI RATNA DILLA', '', '', '', '', '', '', '', '', '', '2020000226', 0.3, 0.7, 0.928293),
(114, '2020000098', 'LINDA PARISKA', '', '', '', '', '', '', '', '', '', '2020000098', 0.9, 0.1, 0.649642),
(115, '2020000107', 'LOLA DWI SYLVIA', '', '', '', '', '', '', '', '', '', '2020000107', 0.6, 0.4, 0.407543),
(116, '2020000211', 'M.ARDI WINATA', '', '', '', '', '', '', '', '', '', '2020000211', 0.8, 0.2, 0.325365),
(117, '2020000183', 'MAHIRA DOYO SALSABILA', '', '', '', '', '', '', '', '', '', '2020000183', 0.7, 0.3, 0.414413),
(118, '2020000126', 'MASNIAR SIRAIT', '', '', '', '', '', '', '', '', '', '2020000126', 0.2, 0.8, 0.483412),
(119, '2020000256', 'MAY SAROH', '', '', '', '', '', '', '', '', '', '2020000256', 0.5, 0.5, 0.432673),
(120, '2020000228', 'Meicael benset alexander', '', '', '', '', '', '', '', '', '', '2020000228', 0.4, 0.6, 0.368069),
(121, '2020000106', 'MELAWATI', '', '', '', '', '', '', '', '', '', '2020000106', 0.4, 0.6, 0.872447),
(122, '2020000134', 'Meri Lusiana Saragi', '', '', '', '', '', '', '', '', '', '2020000134', 0.8, 0.2, 0.726154),
(123, '2020000024', 'METHA PUTRI YELI', '', '', '', '', '', '', '', '', '', '2020000024', 0.4, 0.6, 0.463919),
(124, '2020000142', 'MIRANDA HASIBUAN', '', '', '', '', '', '', '', '', '', '2020000142', 0.8, 0.2, 0.396052),
(125, '2020000100', 'MONA SETYA LESTARI', '', '', '', '', '', '', '', '', '', '2020000100', 0.8, 0.2, 0.726153),
(126, '2020000035', 'Muhammad Arif Faqih', '', '', '', '', '', '', '', '', '', '2020000035', 0.7, 0.3, 0.408056),
(127, '2020000055', 'MUHAMMAD DZAKI AIMAN', '', '', '', '', '', '', '', '', '', '2020000055', 0.1, 0.9, 0.441341),
(128, '2020000222', 'MUHAMMAD HAIKAL SAPUTRA', '', '', '', '', '', '', '', '', '', '2020000222', 0.4, 0.6, 0.504024),
(129, '2020000138', 'Muhammad kaza Syahputra', '', '', '', '', '', '', '', '', '', '2020000138', 0.9, 0.1, 0.347536),
(130, '2020000040', 'MUHAMMAD NAUFAL ALWAFI', '', '', '', '', '', '', '', '', '', '2020000040', 0.5, 0.5, 0.434658),
(131, '2020000068', 'MUHAMMAD RYAN TRIANTOMO', '', '', '', '', '', '', '', '', '', '2020000068', 0.3, 0.7, 0.587807),
(132, '2020000018', 'MUHAMMAD YUSUF', '', '', '', '', '', '', '', '', '', '2020000018', 0.8, 0.2, 0.360932),
(133, '2020000017', 'MUHAMMAD ZIDANE PRATAMA', '', '', '', '', '', '', '', '', '', '2020000017', 0.6, 0.4, 0.371484),
(134, '2020000050', 'MUSRI FATHUL AENI', '', '', '', '', '', '', '', '', '', '2020000050', 0.8, 0.2, 0.406237),
(135, '2020000056', 'MUTIA FARADIBA', '', '', '', '', '', '', '', '', '', '2020000056', 0.8, 0.2, 0.599059),
(136, '2020000236', 'NABILA REZA AGUSTINA', '', '', '', '', '', '', '', '', '', '2020000236', 0.5, 0.5, 0.0542703),
(137, '2020000262', 'Nabila Yulianda', '', '', '', '', '', '', '', '', '', '2020000262', 0.6, 0.4, 0.331715),
(138, '2020000238', 'NADIA APRILLIA', '', '', '', '', '', '', '', '', '', '2020000238', 0.5, 0.5, 0.29215),
(139, '2020000257', 'NADIA PRATIWI', '', '', '', '', '', '', '', '', '', '2020000257', 0.6, 0.4, 0.619614),
(140, '2020000135', 'nadiah salma', '', '', '', '', '', '', '', '', '', '2020000135', 0.4, 0.6, 0.478541),
(141, '2020000259', 'NADIFA DWI PRAMADITA', '', '', '', '', '', '', '', '', '', '2020000259', 0.2, 0.8, 0.360896),
(142, '2020000028', 'NADILA BULAN TARI', '', '', '', '', '', '', '', '', '', '2020000028', 0.2, 0.8, 0.377043),
(143, '2020000091', 'NALVIA KRISTIANI', '', '', '', '', '', '', '', '', '', '2020000091', 0.5, 0.5, 0.788654),
(144, '2020000014', 'NASWA AMANI FATIHAH', '', '', '', '', '', '', '', '', '', '2020000014', 0.5, 0.5, 0.697925),
(145, '2020000154', 'Naya Rani Anjani', '', '', '', '', '', '', '', '', '', '2020000154', 0.7, 0.3, 0.467727),
(146, '2020000027', 'Naya Rani Anjani', '', '', '', '', '', '', '', '', '', '2020000027', 0.7, 0.3, 0.417542),
(147, '2020000104', 'NAZWA FITRIA UTAMI', '', '', '', '', '', '', '', '', '', '2020000104', 0.6, 0.4, 0.428911),
(148, '2020000043', 'NIKEN SHANDRIA ANANTA', '', '', '', '', '', '', '', '', '', '2020000043', 0.9, 0.1, 0.42512),
(149, '2020000214', 'NISHA HARIYANTI', '', '', '', '', '', '', '', '', '', '2020000214', 0.4, 0.6, 0.392607),
(150, '2020000021', 'NOVI AULIA ARDANA', '', '', '', '', '', '', '', '', '', '2020000021', 0.6, 0.4, 0.328301),
(151, '2020000160', 'NOVIKA FITRI AFRIYANI', '', '', '', '', '', '', '', '', '', '2020000160', 0.7, 0.3, 0.516349),
(152, '2020000200', 'NOVITA SARI', '', '', '', '', '', '', '', '', '', '2020000200', 0.7, 0.3, 0.512457),
(153, '2020000167', 'NUKHAN JAZULI', '', '', '', '', '', '', '', '', '', '2020000167', 0.9, 0.1, 0.534012),
(154, '2020000223', 'NUNUR AGUSTIN', '', '', '', '', '', '', '', '', '', '2020000223', 0.4, 0.6, 0.523257),
(155, '2020000254', 'NUR ANNISA', '', '', '', '', '', '', '', '', '', '2020000254', 0.4, 0.6, 0.0898042),
(156, '2020000230', 'NUR ASIAH', '', '', '', '', '', '', '', '', '', '2020000230', 0.4, 0.6, 0.505373),
(157, '2020000218', 'NUR AZIZAH', '', '', '', '', '', '', '', '', '', '2020000218', 0.7, 0.3, 0.35989),
(158, '2020000149', 'Nur Fadyah', '', '', '', '', '', '', '', '', '', '2020000149', 0.2, 0.8, 0.595572),
(159, '2020000170', 'NUR FITRI AYU NANDINI', '', '', '', '', '', '', '', '', '', '2020000170', 0.4, 0.6, 0.526623),
(160, '2020000227', 'NURAINI', '', '', '', '', '', '', '', '', '', '2020000227', 0.8, 0.2, 0.595679),
(161, '2020000235', 'NURIKA NIKMA ZURIYATI', '', '', '', '', '', '', '', '', '', '2020000235', 0.3, 0.7, 0.404454),
(162, '2020000061', 'NURSAMSY FEBI ARDIYAN', '', '', '', '', '', '', '', '', '', '2020000061', 0.6, 0.4, 0.486219),
(163, '2020000112', 'NURUL HASANA', '', '', '', '', '', '', '', '', '', '2020000112', 0.2, 0.8, 0.41179),
(164, '2020000034', 'Puja Fadilah', '', '', '', '', '', '', '', '', '', '2020000034', 0.7, 0.3, 0.446767),
(165, '2020000108', 'PUNTO DEWO SUGIANTO', '', '', '', '', '', '', '', '', '', '2020000108', 0.9, 0.1, 0.879711),
(166, '2020000201', 'PURNA ABDI WIJAYA', '', '', '', '', '', '', '', '', '', '2020000201', 0.3, 0.7, 0.603998),
(167, '2020000266', 'PUTRI AGATA ARTAWATI MANURUNG', '', '', '', '', '', '', '', '', '', '2020000266', 0.4, 0.6, 0.342375),
(168, '2020000011', 'PUTRI AULIA FEBRIANTI', '', '', '', '', '', '', '', '', '', '2020000011', 0.5, 0.5, 0.569795),
(169, '2020000212', 'PUTRI HINDRI YANI', '', '', '', '', '', '', '', '', '', '2020000212', 0.1, 0.9, 0.35989),
(170, '2020000219', 'PUTRI RAMADHANI WIBOWO', '', '', '', '', '', '', '', '', '', '2020000219', 1, 0, 0.382601),
(171, '2020000115', 'PUTRI SILVIA', '', '', '', '', '', '', '', '', '', '2020000115', 0.9, 0.1, 0.905179),
(172, '2020000253', 'PUTRI WIDANI', '', '', '', '', '', '', '', '', '', '2020000253', 0.3, 0.7, 0.721738),
(173, '2020000015', 'Rafido Fransiscus Sirait', '', '', '', '', '', '', '', '', '', '2020000015', 0.3, 0.7, 0.718737),
(174, '2020000187', 'RAFIFAH NAURA SALSABILA', '', '', '', '', '', '', '', '', '', '2020000187', 0.5, 0.5, 0.443993),
(175, '', 'RAFLI ALFARIZI', '', '', '', '', '', '', '', '', '', '', 0.7, 0.3, 0.514215),
(176, '2020000059', 'RAHMA YUNI SARA', '', '', '', '', '', '', '', '', '', '2020000059', 0.5, 0.5, 0.573688),
(177, '2020000173', 'RAINA FADILA', '', '', '', '', '', '', '', '', '', '2020000173', 0.5, 0.5, 0.608173),
(178, '2020000058', 'Rendy Helsa', '', '', '', '', '', '', '', '', '', '2020000058', 0.4, 0.6, 0.579593),
(179, '2020000245', 'RIDWAN SEMBIRING', '', '', '', '', '', '', '', '', '', '2020000245', 0.4, 0.6, 0.614523),
(180, '2020000174', 'Riko Setiawan', '', '', '', '', '', '', '', '', '', '2020000174', 0.7, 0.3, 0.357643),
(181, '2020000144', 'RINDI ZAHARA', '', '', '', '', '', '', '', '', '', '2020000144', 0.2, 0.8, 0.488117),
(182, '2020000179', 'RISKI PUTRA', '', '', '', '', '', '', '', '', '', '2020000179', 0.4, 0.6, 0.556458),
(183, '2020000157', 'Risnaldi kurniawan', '', '', '', '', '', '', '', '', '', '2020000157', 0.4, 0.6, 0.255377),
(184, '2020000121', 'RYSCA TRI AULIA', '', '', '', '', '', '', '', '', '', '2020000121', 0.6, 0.4, 0.3764),
(185, '2020000079', 'SABILLAH SATYA NUR RAMADHAN', '', '', '', '', '', '', '', '', '', '2020000079', 0, 1, 0.0562346),
(186, '2020000116', 'Salma Al Mardhiyyah', '', '', '', '', '', '', '', '', '', '2020000116', 0.6, 0.4, 0.307458),
(187, '2020000109', 'SALSABILA ANANTA', '', '', '', '', '', '', '', '', '', '2020000109', 0.3, 0.7, 0.287511),
(188, '2020000026', 'SALSABILA RAHMADANI', '', '', '', '', '', '', '', '', '', '2020000026', 0.7, 0.3, 0.469073),
(189, '2020000010', 'SANDHIKA ALVABIMAYU', '', '', '', '', '', '', '', '', '', '2020000010', 0.5, 0.5, 0.520096),
(190, '2020000013', 'SANDRINE DAVITA CARLEN', '', '', '', '', '', '', '', '', '', '2020000013', 0.2, 0.8, 0.344899),
(191, '2020000030', 'SANI ADILA', '', '', '', '', '', '', '', '', '', '2020000030', 0.9, 0.1, 0.77189),
(192, '2020000029', 'Sari Naya ndaha', '', '', '', '', '', '', '', '', '', '2020000029', 0.6, 0.4, 0.371547),
(193, '2020000203', 'SELA APRIANI', '', '', '', '', '', '', '', '', '', '2020000203', 0.3, 0.7, 0.510774),
(194, '2020000123', 'SELLA PUTRI PURWANTI', '', '', '', '', '', '', '', '', '', '2020000123', 0.3, 0.7, 0.513229),
(195, '2020000168', 'SELLY APRILIANI', '', '', '', '', '', '', '', '', '', '2020000168', 0, 1, 0.415382),
(196, '2020000226', 'SELVI NABILA', '', '', '', '', '', '', '', '', '', '2020000226', 0, 1, 0.408936),
(197, '', 'SELVI RAHMADANI', '', '', '', '', '', '', '', '', '', '', 1, 0, 0.514215),
(198, '2002000098', 'SELVI SYABANIA', '', '', '', '', '', '', '', '', '', '2002000098', 0.5, 0.5, 0.766497),
(199, '2020000165', 'SHEEFA SALSABILLA', '', '', '', '', '', '', '', '', '', '2020000165', 0.5, 0.5, 0.518573),
(200, '2020000111', 'SHINTA LESTARI AGUSTIYA', '', '', '', '', '', '', '', '', '', '2020000111', 0.4, 0.6, 0.428494),
(201, '2020000250', 'SINTA FRANSISKA', '', '', '', '', '', '', '', '', '', '2020000250', 0.6, 0.4, 0.230521),
(202, '2002000107', 'SISILIA SIRINGO RINGO', '', '', '', '', '', '', '', '', '', '2002000107', 0.6, 0.4, 0.43911),
(203, '2020000211', 'SISKA NURJANA', '', '', '', '', '', '', '', '', '', '2020000211', 0.6, 0.4, 0.405584),
(204, '', 'SITI HALIMAH', '', '', '', '', '', '', '', '', '', '', 0.7, 0.3, 0.512334),
(205, '2020000183', 'SITI IMUD MAINA', '', '', '', '', '', '', '', '', '', '2020000183', 0.4, 0.6, 0.717265),
(206, '2020000099', 'SITI NURIANINGSIH', '', '', '', '', '', '', '', '', '', '2020000099', 0.4, 0.6, 0.239469),
(207, '2020000126', 'SITI RAMADHONA', '', '', '', '', '', '', '', '', '', '2020000126', 0.7, 0.3, 0.424594),
(208, '2020000256', 'SITI SYAFIRA', '', '', '', '', '', '', '', '', '', '2020000256', 0.4, 0.6, 0.486025),
(209, '2020000103', 'SRI RAHMA AZ-ZAHRA', '', '', '', '', '', '', '', '', '', '2020000103', 1, 0, 0.0589569),
(210, '2020000130', 'STEFANY INDI SULISTARI', '', '', '', '', '', '', '', '', '', '2020000130', 0.1, 0.9, 0.652353),
(211, '2020000228', 'STEVEN ARIL DOUGLAS SIMANJUNTAK', '', '', '', '', '', '', '', '', '', '2020000228', 0.5, 0.5, 0.767471),
(212, '2020000106', 'SUCI RAHAYU', '', '', '', '', '', '', '', '', '', '2020000106', 1, 0, 0.453647),
(213, '2020000264', 'SUCI RAHMA ADHA', '', '', '', '', '', '', '', '', '', '2020000264', 0.1, 0.9, 0.479727),
(214, '2020000134', 'SULASMI MUJI SERLLY HAPSARI', '', '', '', '', '', '', '', '', '', '2020000134', 0.2, 0.8, 0.453835),
(215, '2020000221', 'SURYANI BR SITORUS', '', '', '', '', '', '', '', '', '', '2020000221', 0.4, 0.6, 0.355163),
(216, '2020000024', 'SYABRINA AULIA SINAGA', '', '', '', '', '', '', '', '', '', '2020000024', 0.7, 0.3, 0.785326),
(217, '2020000142', 'SYAHLAN AL HAFIDZ', '', '', '', '', '', '', '', '', '', '2020000142', 0.2, 0.8, 0.369145),
(218, '2020000100', 'TARA SALSABILA', '', '', '', '', '', '', '', '', '', '2020000100', 0.4, 0.6, 0.371673),
(219, '2020000055', 'TASYA AULIA', '', '', '', '', '', '', '', '', '', '2020000055', 0.9, 0.1, 0.33422),
(220, '2020000066', 'TINA NOVIYANTI', '', '', '', '', '', '', '', '', '', '2020000066', 0.8, 0.2, 0.181802),
(221, '2020000138', 'TRI WIDIANTOKO', '', '', '', '', '', '', '', '', '', '2020000138', 0.4, 0.6, 0.822952),
(222, '2020000040', 'TRINITA SALSA FADHIRA', '', '', '', '', '', '', '', '', '', '2020000040', 0.2, 0.8, 0.519513),
(223, '2020000068', 'TRIYA MURTI', '', '', '', '', '', '', '', '', '', '2020000068', 0.3, 0.7, 0.338309),
(224, '2020000209', 'TUNTUN RENDI ANDREAS PASARIBU', '', '', '', '', '', '', '', '', '', '2020000209', 0.5, 0.5, 0.448138),
(225, '2020000018', 'VEBRI TRI RUMA HORBO', '', '', '', '', '', '', '', '', '', '2020000018', 0.9, 0.1, 0.401587),
(226, '2020000248', 'VITTA APRILLIANDANI', '', '', '', '', '', '', '', '', '', '2020000248', 0.4, 0.6, 0.904843),
(227, '2020000017', 'WILIA DITA ASMARA', '', '', '', '', '', '', '', '', '', '2020000017', 0.5, 0.5, 0.415446),
(228, '2020000152', 'WINDARI', '', '', '', '', '', '', '', '', '', '2020000152', 0.7, 0.3, 0.444977),
(229, '2020000105', 'WULANDARI', '', '', '', '', '', '', '', '', '', '2020000105', 0.5, 0.5, 0.879037),
(230, '2020000063', 'Zikri Jul Ikhsan', '', '', '', '', '', '', '', '', '', '2020000063', 0.5, 0.5, 0.620703),
(231, '2020000151', 'zulaikha', '', '', '', '', '', '', '', '', '', '2020000151', 0.5, 0.5, 0.351269),
(232, '2020000050', 'ZULFA HAFIZAH', '', '', '', '', '', '', '', '', '', '2020000050', 0.7, 0.3, 0.426595);

-- --------------------------------------------------------

--
-- Table structure for table `temp_fcm`
--

CREATE TABLE `temp_fcm` (
  `id_temp_fcm` int(11) NOT NULL,
  `jx1j_sum` float NOT NULL,
  `jx2j_sum` float NOT NULL,
  `jx3j_sum` float NOT NULL,
  `kx1k_sum` float NOT NULL,
  `kx2k_sum` float NOT NULL,
  `kx3k_sum` float NOT NULL
) ENGINE=InnoDB DEFAULT CHARSET=latin1;

--
-- Dumping data for table `temp_fcm`
--

INSERT INTO `temp_fcm` (`id_temp_fcm`, `jx1j_sum`, `jx2j_sum`, `jx3j_sum`, `kx1k_sum`, `kx2k_sum`, `kx3k_sum`) VALUES
(1, 77.7256, 78.7312, 90.6179, 81.524, 81.7924, 93.8276);

-- --------------------------------------------------------

--
-- Table structure for table `wakasis`
--

CREATE TABLE `wakasis` (
  `id_wakasis` int(11) NOT NULL,
  `nama_wakasis` varchar(50) CHARACTER SET latin1 COLLATE latin1_swedish_ci NOT NULL,
  `nip` varchar(40) NOT NULL,
  `username` varchar(50) NOT NULL,
  `password` varchar(20) NOT NULL
) ENGINE=InnoDB DEFAULT CHARSET=latin1;

--
-- Dumping data for table `wakasis`
--

INSERT INTO `wakasis` (`id_wakasis`, `nama_wakasis`, `nip`, `username`, `password`) VALUES
(1, 'Badu Rahman', '196710106700223', 'badu', 'badu123');

--
-- Indexes for dumped tables
--

--
-- Indexes for table `bk`
--
ALTER TABLE `bk`
  ADD PRIMARY KEY (`id_bk`);

--
-- Indexes for table `minat_kerja`
--
ALTER TABLE `minat_kerja`
  ADD PRIMARY KEY (`id_minat_kerja`);

--
-- Indexes for table `minat_mapel`
--
ALTER TABLE `minat_mapel`
  ADD PRIMARY KEY (`id_minat_mapel`);

--
-- Indexes for table `minat_pt`
--
ALTER TABLE `minat_pt`
  ADD PRIMARY KEY (`id_minat_pt`);

--
-- Indexes for table `nilai`
--
ALTER TABLE `nilai`
  ADD PRIMARY KEY (`id_nilai`);

--
-- Indexes for table `peminatan`
--
ALTER TABLE `peminatan`
  ADD PRIMARY KEY (`id_peminatan`);

--
-- Indexes for table `siswa`
--
ALTER TABLE `siswa`
  ADD PRIMARY KEY (`id_siswa`);

--
-- Indexes for table `temp_fcm`
--
ALTER TABLE `temp_fcm`
  ADD PRIMARY KEY (`id_temp_fcm`);

--
-- Indexes for table `wakasis`
--
ALTER TABLE `wakasis`
  ADD PRIMARY KEY (`id_wakasis`);

--
-- AUTO_INCREMENT for dumped tables
--

--
-- AUTO_INCREMENT for table `bk`
--
ALTER TABLE `bk`
  MODIFY `id_bk` int(11) NOT NULL AUTO_INCREMENT, AUTO_INCREMENT=2;

--
-- AUTO_INCREMENT for table `minat_kerja`
--
ALTER TABLE `minat_kerja`
  MODIFY `id_minat_kerja` int(11) NOT NULL AUTO_INCREMENT, AUTO_INCREMENT=5;

--
-- AUTO_INCREMENT for table `minat_mapel`
--
ALTER TABLE `minat_mapel`
  MODIFY `id_minat_mapel` int(11) NOT NULL AUTO_INCREMENT, AUTO_INCREMENT=4;

--
-- AUTO_INCREMENT for table `minat_pt`
--
ALTER TABLE `minat_pt`
  MODIFY `id_minat_pt` int(11) NOT NULL AUTO_INCREMENT, AUTO_INCREMENT=4;

--
-- AUTO_INCREMENT for table `nilai`
--
ALTER TABLE `nilai`
  MODIFY `id_nilai` int(11) NOT NULL AUTO_INCREMENT, AUTO_INCREMENT=233;

--
-- AUTO_INCREMENT for table `peminatan`
--
ALTER TABLE `peminatan`
  MODIFY `id_peminatan` int(11) NOT NULL AUTO_INCREMENT, AUTO_INCREMENT=2;

--
-- AUTO_INCREMENT for table `siswa`
--
ALTER TABLE `siswa`
  MODIFY `id_siswa` int(11) NOT NULL AUTO_INCREMENT, AUTO_INCREMENT=233;

--
-- AUTO_INCREMENT for table `temp_fcm`
--
ALTER TABLE `temp_fcm`
  MODIFY `id_temp_fcm` int(11) NOT NULL AUTO_INCREMENT, AUTO_INCREMENT=233;

--
-- AUTO_INCREMENT for table `wakasis`
--
ALTER TABLE `wakasis`
  MODIFY `id_wakasis` int(11) NOT NULL AUTO_INCREMENT, AUTO_INCREMENT=2;
COMMIT;

/*!40101 SET CHARACTER_SET_CLIENT=@OLD_CHARACTER_SET_CLIENT */;
/*!40101 SET CHARACTER_SET_RESULTS=@OLD_CHARACTER_SET_RESULTS */;
/*!40101 SET COLLATION_CONNECTION=@OLD_COLLATION_CONNECTION */;
