-- phpMyAdmin SQL Dump
-- version 5.0.2
-- https://www.phpmyadmin.net/
--
-- Host: 127.0.0.1
-- Generation Time: Sep 03, 2020 at 08:55 AM
-- Server version: 8.0.18
-- PHP Version: 7.1.23

SET SQL_MODE = "NO_AUTO_VALUE_ON_ZERO";
START TRANSACTION;
SET time_zone = "+00:00";


/*!40101 SET @OLD_CHARACTER_SET_CLIENT=@@CHARACTER_SET_CLIENT */;
/*!40101 SET @OLD_CHARACTER_SET_RESULTS=@@CHARACTER_SET_RESULTS */;
/*!40101 SET @OLD_COLLATION_CONNECTION=@@COLLATION_CONNECTION */;
/*!40101 SET NAMES utf8mb4 */;

--
-- Database: `penjurusan-sekolah`
--

-- --------------------------------------------------------

--
-- Table structure for table `bk`
--

CREATE TABLE `bk` (
  `id_bk` int(11) NOT NULL,
  `nama_bk` varchar(50) CHARACTER SET latin1 COLLATE latin1_swedish_ci NOT NULL,
  `username` varchar(50) NOT NULL,
  `password` varchar(20) NOT NULL
) ENGINE=InnoDB DEFAULT CHARSET=latin1 ROW_FORMAT=COMPACT;

--
-- Dumping data for table `bk`
--

INSERT INTO `bk` (`id_bk`, `nama_bk`, `username`, `password`) VALUES
(1, 'Siti Yana', 'siti', 'siti123');

-- --------------------------------------------------------

--
-- Table structure for table `fcm`
--

CREATE TABLE `fcm` (
  `id_fcm` int(11) NOT NULL,
  `p1` text NOT NULL,
  `p2` text NOT NULL,
  `p3` text NOT NULL,
  `p4` text NOT NULL,
  `p5` text NOT NULL,
  `p6` text NOT NULL,
  `p7` text NOT NULL,
  `p8` text NOT NULL,
  `p9` text NOT NULL,
  `p10` text NOT NULL,
  `p11` text NOT NULL
) ENGINE=InnoDB DEFAULT CHARSET=latin1;

--
-- Dumping data for table `fcm`
--

INSERT INTO `fcm` (`id_fcm`, `p1`, `p2`, `p3`, `p4`, `p5`, `p6`, `p7`, `p8`, `p9`, `p10`, `p11`) VALUES
(1, '22391.713780806', '26768.466909604', '31544.232014941', '34189.368342796', '35308.862090139', '36002.464165731', '36503.710596768', '36789.519862741', '36984.349261976', '37124.356547038', '37155.587535393');

-- --------------------------------------------------------

--
-- Table structure for table `minat_kerja`
--

CREATE TABLE `minat_kerja` (
  `id_minat_kerja` int(11) NOT NULL,
  `id_siswa` int(11) NOT NULL,
  `kerja` varchar(30) CHARACTER SET latin1 COLLATE latin1_swedish_ci NOT NULL,
  `alasan` text CHARACTER SET latin1 COLLATE latin1_swedish_ci NOT NULL
) ENGINE=InnoDB DEFAULT CHARSET=latin1;

--
-- Dumping data for table `minat_kerja`
--

INSERT INTO `minat_kerja` (`id_minat_kerja`, `id_siswa`, `kerja`, `alasan`) VALUES
(2, 1, 'Guru', 'Karena ingin memberi ilmu dengan anak murid saya.'),
(3, 1, 'Polwan', 'karena supaya menjaga keamanan dan kelestarian'),
(4, 1, 'Guru Agama', 'Membimbing dan memberi ilmu agama tentang akhlak');

-- --------------------------------------------------------

--
-- Table structure for table `minat_mapel`
--

CREATE TABLE `minat_mapel` (
  `id_minat_mapel` int(11) NOT NULL,
  `id_siswa` int(11) NOT NULL,
  `mapel` varchar(30) CHARACTER SET latin1 COLLATE latin1_swedish_ci NOT NULL,
  `alasan` text CHARACTER SET latin1 COLLATE latin1_swedish_ci NOT NULL
) ENGINE=InnoDB DEFAULT CHARSET=latin1;

--
-- Dumping data for table `minat_mapel`
--

INSERT INTO `minat_mapel` (`id_minat_mapel`, `id_siswa`, `mapel`, `alasan`) VALUES
(1, 1, 'Agama Islam', 'Karena mempelajari tentang agama dan akhlak ya'),
(2, 1, 'Bahasa Indonesia', 'Karena mempelajari tentang bahasa yang jelas dan efektif'),
(3, 1, 'Seni Budaya', 'Karena mempelajari tentang kesenian');

-- --------------------------------------------------------

--
-- Table structure for table `minat_pt`
--

CREATE TABLE `minat_pt` (
  `id_minat_pt` int(11) NOT NULL,
  `id_siswa` int(11) NOT NULL,
  `pt` varchar(30) CHARACTER SET latin1 COLLATE latin1_swedish_ci NOT NULL,
  `alasan` text CHARACTER SET latin1 COLLATE latin1_swedish_ci NOT NULL
) ENGINE=InnoDB DEFAULT CHARSET=latin1;

--
-- Dumping data for table `minat_pt`
--

INSERT INTO `minat_pt` (`id_minat_pt`, `id_siswa`, `pt`, `alasan`) VALUES
(1, 1, 'UNRI', 'Saya ingin melanjut ke perguruan tinggi'),
(2, 1, 'UIN', 'Ingin melanjuti perguruan tinggi'),
(3, 1, 'Amik Dumai', 'Ingin mencapai prestasi');

-- --------------------------------------------------------

--
-- Table structure for table `nilai`
--

CREATE TABLE `nilai` (
  `id_nilai` int(11) NOT NULL,
  `id_siswa` int(11) NOT NULL,
  `mtk` float NOT NULL,
  `ipa` float NOT NULL,
  `psikotes` float NOT NULL
) ENGINE=InnoDB DEFAULT CHARSET=latin1;

--
-- Dumping data for table `nilai`
--

INSERT INTO `nilai` (`id_nilai`, `id_siswa`, `mtk`, `ipa`, `psikotes`) VALUES
(1, 1, 68, 73, 86),
(2, 2, 74, 71, 104),
(3, 3, 77, 80, 91),
(4, 4, 73, 79, 97),
(5, 5, 81, 83, 96),
(6, 6, 76, 70, 90),
(7, 7, 71, 76, 104),
(8, 8, 79, 81, 90),
(9, 9, 85, 90, 94),
(10, 10, 83, 83, 95),
(11, 11, 77, 80, 96),
(12, 12, 82, 73, 118),
(13, 13, 87, 87, 97),
(14, 14, 76, 77, 89),
(15, 15, 83, 82, 95),
(16, 16, 77, 81, 95),
(17, 17, 81, 72, 112),
(18, 18, 78, 77, 87),
(19, 19, 82, 78, 98),
(20, 20, 83, 82, 90),
(21, 21, 8.8, 8.9, 93),
(22, 22, 80, 79, 96),
(23, 23, 81, 85, 93),
(24, 24, 82, 83, 99),
(25, 25, 68, 69, 89),
(26, 26, 86, 86, 93),
(27, 27, 78, 78, 86),
(28, 28, 91, 91, 92),
(29, 29, 85, 84, 86),
(30, 30, 78, 78, 89),
(31, 31, 84, 85, 90),
(32, 32, 89, 88, 97),
(33, 33, 89, 85, 101),
(34, 34, 80, 82, 118),
(35, 35, 77, 78, 101),
(36, 36, 88, 84, 110),
(37, 37, 89, 89, 93),
(38, 38, 86, 81, 101),
(39, 39, 78, 85, 96),
(40, 40, 73, 84, 107),
(41, 41, 78, 83, 88),
(42, 42, 79, 78, 85),
(43, 43, 74, 80, 92),
(44, 44, 77, 84, 93),
(45, 45, 86, 84, 88),
(46, 46, 79, 79, 96),
(47, 47, 83, 84, 95),
(48, 48, 87, 82, 100),
(49, 49, 90, 93, 112),
(50, 50, 67, 65, 90),
(51, 51, 80, 85, 91),
(52, 52, 82, 80, 98),
(53, 53, 72, 81, 100),
(54, 54, 83, 72, 98),
(55, 55, 81, 72, 94),
(56, 56, 83, 90, 103),
(57, 57, 79, 83, 95),
(58, 58, 85, 83, 91),
(59, 59, 88, 92, 94),
(60, 60, 92, 83, 89),
(61, 61, 74, 82, 107),
(62, 62, 79, 79, 83),
(63, 63, 92, 93, 86),
(64, 64, 77, 84, 100),
(65, 65, 84, 86, 96),
(66, 66, 83, 90, 95),
(67, 67, 77, 86, 92),
(68, 68, 77, 78, 81),
(69, 69, 90, 82, 92),
(70, 70, 77.77, 82.87, 100),
(71, 71, 77, 80, 93),
(72, 72, 91, 93, 84),
(73, 73, 72, 75, 97),
(74, 74, 87, 81, 92),
(75, 75, 83, 84, 93),
(76, 76, 87, 92, 101),
(77, 77, 73, 76, 115),
(78, 78, 73, 80, 104),
(79, 79, 84, 86, 109),
(80, 80, 85, 89, 86),
(81, 81, 82, 83, 90),
(82, 82, 86, 84, 98),
(83, 83, 73, 70, 92),
(84, 84, 81, 77, 88),
(85, 85, 75, 70, 90),
(86, 86, 75, 71, 98),
(87, 87, 78, 82, 86),
(88, 88, 93, 95, 88),
(89, 89, 81, 86, 100),
(90, 90, 86, 92, 110),
(91, 91, 76, 81, 101),
(92, 92, 78, 82, 89),
(93, 93, 78, 87, 89),
(94, 94, 89, 89, 85),
(95, 95, 86, 89, 94),
(96, 96, 71, 70, 96),
(97, 97, 85, 85, 89),
(98, 98, 81, 80, 78),
(99, 99, 77, 80, 77),
(100, 100, 86, 88, 89),
(101, 101, 77, 76, 86),
(102, 102, 84, 87, 90),
(103, 103, 82, 83, 90),
(104, 104, 82, 86, 88),
(105, 105, 76, 76, 90),
(106, 106, 78, 81, 98),
(107, 107, 81, 83, 89),
(108, 108, 79, 79, 89),
(109, 109, 90, 89, 81),
(110, 110, 84, 81, 87),
(111, 111, 88, 90, 104),
(112, 112, 83, 80, 88),
(113, 113, 78, 79, 89),
(114, 114, 74, 78, 79),
(115, 115, 90, 90, 94),
(116, 116, 84, 81, 103),
(117, 117, 94, 91, 95),
(118, 118, 86, 91, 87),
(119, 119, 85, 88, 91),
(120, 120, 85, 87, 95),
(121, 121, 76, 79, 92),
(122, 122, 72, 81, 86),
(123, 123, 91, 93, 87),
(124, 124, 83, 87, 94),
(125, 125, 75, 81, 93),
(126, 126, 86, 83, 89),
(127, 127, 89, 85, 87),
(128, 128, 69, 71, 104),
(129, 129, 86, 83, 91),
(130, 130, 77, 81, 97),
(131, 131, 74, 78, 96),
(132, 132, 88, 76, 90),
(133, 133, 89, 86, 104),
(134, 134, 89, 86, 90),
(135, 135, 76, 83, 94),
(136, 136, 81, 79, 95),
(137, 137, 82, 80, 103),
(138, 138, 81, 83, 95),
(139, 139, 78, 71, 87),
(140, 140, 82, 89, 91),
(141, 141, 83, 86, 95),
(142, 142, 84, 85, 92),
(143, 143, 77, 79, 86),
(144, 144, 80, 81, 87),
(145, 145, 88, 87, 86),
(146, 146, 88, 87, 90),
(147, 147, 86, 87, 90),
(148, 148, 88, 84, 88),
(149, 149, 86, 84, 90),
(150, 150, 81, 84, 98),
(151, 151, 82, 83, 89),
(152, 152, 70, 86, 89),
(153, 153, 85, 87, 81),
(154, 154, 79, 71, 92),
(155, 155, 82, 80, 93),
(156, 156, 83, 73, 88),
(157, 157, 80, 84, 96),
(158, 158, 80, 85, 88),
(159, 159, 87, 87, 78),
(160, 160, 76, 70, 77),
(161, 161, 89, 84, 89),
(162, 162, 86, 87, 86),
(163, 163, 87, 86, 90),
(164, 164, 88, 91, 90),
(165, 165, 77, 79, 88),
(166, 166, 76, 70, 90),
(167, 167, 84, 86, 98),
(168, 168, 81, 83, 89),
(169, 169, 80, 84, 96),
(170, 170, 87, 89, 99),
(171, 171, 77, 80, 89),
(172, 172, 80, 80, 90),
(173, 173, 74, 74, 90),
(174, 174, 95, 92, 89),
(175, 175, 80, 79, 110),
(176, 176, 80.84, 80.85, 90),
(177, 177, 82, 79, 86),
(178, 178, 83, 79, 84),
(179, 179, 79, 86, 85),
(180, 180, 78, 78, 97),
(181, 181, 83, 70, 89),
(182, 182, 80, 85, 90),
(183, 183, 82, 81, 99),
(184, 184, 86, 88, 96),
(185, 185, 82, 80, 94),
(186, 186, 81, 80, 101),
(187, 187, 85, 83, 99),
(188, 188, 91, 95, 87),
(189, 189, 82, 82, 89),
(190, 190, 88, 86, 97),
(191, 191, 78, 78, 86),
(192, 192, 85, 86, 104),
(193, 193, 74, 71, 98),
(194, 194, 82, 84, 89),
(195, 195, 79, 78, 110),
(196, 196, 90, 92, 99),
(197, 197, 77, 88, 98),
(198, 198, 76, 82, 87),
(199, 199, 76, 82, 96),
(200, 200, 77, 80, 97),
(201, 201, 80, 81, 95),
(202, 202, 90, 92, 91),
(203, 203, 78, 84, 99),
(204, 204, 70, 81, 90),
(205, 205, 77, 77, 84),
(206, 206, 84, 81, 92),
(207, 207, 86, 92, 110),
(208, 208, 85, 87, 87),
(209, 209, 81, 79, 93),
(210, 210, 81, 80, 86),
(211, 211, 76, 75, 88),
(212, 212, 76, 83.3, 99),
(213, 213, 85, 84, 87),
(214, 214, 89, 90, 88),
(215, 215, 80, 84, 99),
(216, 216, 79, 81, 90),
(217, 217, 79, 77, 94),
(218, 218, 81, 85, 95),
(219, 219, 88, 85, 99),
(220, 220, 80.79, 80.78, 96),
(221, 221, 76, 81, 88),
(222, 222, 83, 90, 86),
(223, 223, 82, 85, 96),
(224, 224, 79, 74, 94),
(225, 225, 89, 83, 112),
(226, 226, 76, 79, 89),
(227, 227, 92, 92, 96),
(228, 228, 81, 73, 92),
(229, 229, 75, 79, 90),
(230, 230, 74, 69, 86),
(231, 231, 89, 86, 99),
(232, 232, 88, 92, 94);

-- --------------------------------------------------------

--
-- Table structure for table `peminatan`
--

CREATE TABLE `peminatan` (
  `id_peminatan` int(11) NOT NULL,
  `id_siswa` int(11) NOT NULL,
  `pilihan` int(11) NOT NULL,
  `alasan` text NOT NULL
) ENGINE=InnoDB DEFAULT CHARSET=latin1;

--
-- Dumping data for table `peminatan`
--

INSERT INTO `peminatan` (`id_peminatan`, `id_siswa`, `pilihan`, `alasan`) VALUES
(1, 1, 2, 'Karena saya lebih suka ilmu-ilmu sosial');

-- --------------------------------------------------------

--
-- Table structure for table `siswa`
--

CREATE TABLE `siswa` (
  `id_siswa` int(11) NOT NULL,
  `no_peserta` varchar(30) NOT NULL,
  `nama_siswa` varchar(50) NOT NULL,
  `tempat_lahir` varchar(50) NOT NULL,
  `tanggal_lahir` varchar(30) NOT NULL,
  `agama` varchar(40) NOT NULL,
  `alamat` text NOT NULL,
  `no_hp` varchar(13) NOT NULL,
  `asal_sekolah` varchar(50) NOT NULL,
  `status_sekolah_asal` varchar(20) NOT NULL,
  `bulan_tahun_masuk_smp` varchar(20) NOT NULL,
  `bulan_tahun_lulus_smp` varchar(20) NOT NULL,
  `password` varchar(20) NOT NULL,
  `partisi_c1` text NOT NULL,
  `partisi_c2` text NOT NULL,
  `µi1p1` text NOT NULL,
  `µi2p1` text NOT NULL,
  `µi1p2` text NOT NULL,
  `µi2p2` text NOT NULL,
  `µi1p3` text NOT NULL,
  `µi2p3` text NOT NULL,
  `µi1p4` text NOT NULL,
  `µi2p4` text NOT NULL,
  `µi1p5` text NOT NULL,
  `µi2p5` text NOT NULL,
  `µi1p6` text NOT NULL,
  `µi2p6` text NOT NULL,
  `µi1p7` text NOT NULL,
  `µi2p7` text NOT NULL,
  `µi1p8` text NOT NULL,
  `µi2p8` text NOT NULL,
  `µi1p9` text NOT NULL,
  `µi2p9` text NOT NULL,
  `µi1p10` text NOT NULL,
  `µi2p10` text NOT NULL,
  `µi1p11` text NOT NULL,
  `µi2p11` text NOT NULL
) ENGINE=InnoDB DEFAULT CHARSET=latin1;

--
-- Dumping data for table `siswa`
--

INSERT INTO `siswa` (`id_siswa`, `no_peserta`, `nama_siswa`, `tempat_lahir`, `tanggal_lahir`, `agama`, `alamat`, `no_hp`, `asal_sekolah`, `status_sekolah_asal`, `bulan_tahun_masuk_smp`, `bulan_tahun_lulus_smp`, `password`, `partisi_c1`, `partisi_c2`, `µi1p1`, `µi2p1`, `µi1p2`, `µi2p2`, `µi1p3`, `µi2p3`, `µi1p4`, `µi2p4`, `µi1p5`, `µi2p5`, `µi1p6`, `µi2p6`, `µi1p7`, `µi2p7`, `µi1p8`, `µi2p8`, `µi1p9`, `µi2p9`, `µi1p10`, `µi2p10`, `µi1p11`, `µi2p11`) VALUES
(1, '2020000213', 'ADE SATRIA', '', '', '', '', '', '', '', '', '', '2020000213', '0.7', '0.3', '0.84923630957306', '0.15076369042694', '0.9714155447474', '0.028584455252597', '0.99923386796543', '0.0007661320345716', '0.99999948957469', '5.1042530505703E-7', '0.99999999999977', '2.335709858123E-13', '1', '5.1406638351025E-26', '1', '2.5552124450729E-51', '1', '6.3613147915905E-102', '1', '3.9486766749386E-203', '1', '0', '1', '0'),
(2, '2020000062', 'Adlyl Adnan Gymnastiar', '', '', '', '', '', '', '', '', '', '2020000062', '0.8', '0.2', '0.94276236351922', '0.057237636480776', '0.99646910045232', '0.0035308995476757', '0.99998812683255', '1.1873167447448E-5', '0.99999999986642', '1.3358065884325E-10', '1', '1.7227963476657E-20', '1', '2.9383055050004E-40', '1', '8.7042804040291E-80', '1', '7.7331658353982E-159', '1', '6.1667238363444E-317', '1', '0', '1', '0'),
(3, '2020000220', 'AGUNG NUR RAHMAN', '', '', '', '', '', '', '', '', '', '2020000220', '0.8', '0.2', '0.9456002213279', '0.054399778672098', '0.99728574255309', '0.0027142574469115', '0.99999488765352', '5.1123464789349E-6', '0.99999999998314', '1.6856289942416E-11', '1', '2.032378331314E-22', '1', '3.473193579454E-44', '1', '1.1007561857805E-87', '1', '1.1297919323715E-174', '1', '0', '1', '0', '1', '0'),
(4, '2020000036', 'AHMAD DANI', '', '', '', '', '', '', '', '', '', '2020000036', '1', '0', '1', '0', '1', '0', '1', '0', '1', '0', '1', '0', '1', '0', '1', '0', '1', '0', '1', '0', '1', '0', '1', '0'),
(5, '2020000202', 'AHMAD RIFANSYAH', '', '', '', '', '', '', '', '', '', '2020000202', '0.3', '0.7', '0.11995096730345', '0.88004903269655', '0.011600827643138', '0.98839917235686', '6.7558444350739E-5', '0.99993244155565', '2.0051256006512E-9', '0.99999999799487', '2.0152375814295E-18', '1', '2.4735990123771E-36', '1', '4.0148370069501E-72', '1', '1.0509979419953E-143', '1', '6.9658340905937E-287', '1', '0', '1', '0', '1'),
(6, '2020000265', 'AHMAD YUDISTIRO', '', '', '', '', '', '', '', '', '', '2020000265', '0.8', '0.2', '0.94560520595109', '0.054394794048911', '0.99709086366379', '0.00290913633621', '0.99999297228942', '7.027710583826E-6', '0.99999999996003', '3.99659054581E-11', '1', '1.3483448285222E-21', '1', '1.6367832749574E-42', '1', '2.4994285695418E-84', '1', '5.9074083030898E-168', '1', '0', '1', '0', '1', '0'),
(7, '2020000057', 'ALDO VERNANDITO MANALU', '', '', '', '', '', '', '', '', '', '2020000057', '0.6', '0.4', '0.69316413769476', '0.30683586230524', '0.83778434369608', '0.16221565630392', '0.96470167720805', '0.035298322791946', '0.99869191652405', '0.0013080834759503', '0.99999829385222', '1.7061477779337E-6', '0.99999999999704', '2.9585962196775E-12', '1', '9.0430679112152E-24', '1', '8.545971531954E-47', '1', '7.7083283074448E-93', '1', '6.3079411335102E-185', '1', '0'),
(8, '2020000196', 'ALFIAN RAMADANI', '', '', '', '', '', '', '', '', '', '2020000196', '0.4', '0.6', '0.33121572691253', '0.66878427308747', '0.23811093652267', '0.76188906347733', '0.13234217265394', '0.86765782734606', '0.038391333535491', '0.96160866646451', '0.0024704646157166', '0.99752953538428', '8.0394979831464E-6', '0.99999196050202', '7.8399766887999E-11', '0.9999999999216', '7.4025333603157E-21', '1', '6.7049578286071E-41', '1', '5.5740755568932E-81', '1', '3.8637595790187E-161', '1'),
(9, '2020000171', 'ALINA AFRILIA SAPUTRI', '', '', '', '', '', '', '', '', '', '2020000171', '0.1', '0.9', '0.010845861518421', '0.98915413848158', '0.00010072901205375', '0.99989927098795', '7.786369182533E-9', '0.99999999221363', '4.5398723262379E-17', '1', '1.6397268332538E-33', '1', '2.3433278114487E-66', '1', '5.0436062209918E-132', '1', '2.3888177734008E-263', '1', '0', '1', '0', '1', '0', '1'),
(10, '2020000164', 'ANANDA HUSMIA TAMARA', '', '', '', '', '', '', '', '', '', '2020000164', '0.3', '0.7', '0.13103588050626', '0.86896411949374', '0.014715727563305', '0.98528427243669', '0.00010585468156979', '0.99989414531843', '4.6324205188137E-9', '0.99999999536758', '1.0760719925342E-17', '1', '7.8271157537182E-35', '1', '4.783696999348E-69', '1', '1.8442347245271E-137', '1', '2.7220325605639E-274', '1', '0', '1', '0', '1'),
(11, '2020000053', 'ANDI ARFANDI', '', '', '', '', '', '', '', '', '', '2020000053', '0.4', '0.6', '0.31125149575487', '0.68874850424513', '0.17826978438271', '0.82173021561729', '0.050787364202929', '0.94921263579707', '0.003263394956525', '0.99673660504347', '1.1457672315014E-5', '0.99998854232768', '1.2830291791583E-10', '0.9999999998717', '1.5184759964695E-20', '1', '2.0567897731919E-40', '1', '3.6764984529114E-80', '1', '1.1576706726739E-159', '1', '1.1448192706046E-318', '1'),
(12, '2020000162', 'ANDRE BUDI SETIAWAN', '', '', '', '', '', '', '', '', '', '2020000162', '0.8', '0.2', '0.94140266624418', '0.058597333755819', '0.99612509712502', '0.0038749028749794', '0.99998462379772', '1.5376202275182E-5', '0.99999999975739', '2.4261288478789E-10', '1', '6.030242598643E-20', '1', '3.7076300568715E-39', '1', '1.4032131715564E-77', '1', '2.0201034258462E-154', '1', '4.2130601410907E-308', '1', '0', '1', '0'),
(13, '2020000127', 'Angelina Mawarsari Sibarani', '', '', '', '', '', '', '', '', '', '2020000127', '0.2', '0.8', '0.054297301449294', '0.94570269855071', '0.0028100451388251', '0.99718995486117', '6.0939196168601E-6', '0.99999390608038', '2.7390702864472E-11', '0.99999999997261', '5.9151525652179E-22', '1', '3.0571507242499E-43', '1', '8.6144337891481E-86', '1', '6.9515361441593E-171', '1', '0', '1', '0', '1', '0', '1'),
(14, '2020000052', 'ANGGA MAULANA', '', '', '', '', '', '', '', '', '', '2020000052', '0.6', '0.4', '0.7114789359888', '0.2885210640112', '0.87784963931693', '0.12215036068307', '0.9856214638049', '0.014378536195097', '0.99984650836297', '0.00015349163702734', '0.9999999818103', '1.818969843953E-8', '1', '2.8412513031469E-16', '1', '7.3228820651883E-32', '1', '4.939834040925E-63', '1', '2.2525773648905E-125', '1', '4.6805971207684E-250', '1', '0'),
(15, '2020000022', 'ANGGI AULIA SAFITRI', '', '', '', '', '', '', '', '', '', '2020000022', '0.4', '0.6', '0.30534155839077', '0.69465844160923', '0.13484452322693', '0.86515547677307', '0.014517374681761', '0.98548262531824', '0.00011458165444368', '0.99988541834556', '7.9553456353913E-9', '0.99999999204465', '4.8909173786453E-17', '1', '2.0694318859324E-33', '1', '3.7456447107412E-66', '1', '1.1978399873855E-131', '1', '1.1987960450524E-262', '1', '0', '1'),
(16, '2020000101', 'Aniel Fahsya', '', '', '', '', '', '', '', '', '', '2020000101', '0.5', '0.5', '0.49465658005902', '0.50534341994098', '0.49808707802301', '0.50191292197699', '0.52661075313771', '0.47338924686229', '0.58710021707085', '0.41289978292915', '0.68231265239781', '0.31768734760219', '0.81505490069931', '0.18494509930069', '0.94565830650932', '0.054341693490676', '0.99620630637381', '0.003793693626195', '0.99998288145405', '1.7118545945116E-5', '0.99999999964981', '3.5019407310103E-10', '1', '1.4684919687501E-19'),
(17, '2020000042', 'ANISA MAYANG AGUSTIN', '', '', '', '', '', '', '', '', '', '2020000042', '0.5', '0.5', '0.50336921072189', '0.49663078927811', '0.50859887924009', '0.49140112075991', '0.51685966370148', '0.48314033629852', '0.53081202180166', '0.46918797819834', '0.55806618819328', '0.44193381180672', '0.61140701973232', '0.38859298026768', '0.7085840832318', '0.2914159167682', '0.85217452442325', '0.14782547557675', '0.96982520322987', '0.030174796770128', '0.99899481941062', '0.0010051805893782', '0.99999894659512', '1.0534048780819E-6'),
(18, '2020000038', 'ANISA RAHMA SIRAIT', '', '', '', '', '', '', '', '', '', '2020000038', '0.9', '0.1', '0.98897719687866', '0.011022803121339', '0.99989554478791', '0.0001044552120897', '0.99999999176112', '8.2388841596928E-9', '1', '4.9044683052049E-17', '1', '1.8410131435146E-33', '1', '2.8499142821591E-66', '1', '7.152051276755E-132', '1', '4.54856881064E-263', '1', '0', '1', '0', '1', '0'),
(19, '2020000176', 'ANNISA CAESARA RAMADHANI', '', '', '', '', '', '', '', '', '', '2020000176', '0.9', '0.1', '0.98893622983882', '0.011063770161176', '0.99988533681061', '0.00011466318938834', '0.99999998776061', '1.2239387972147E-8', '1', '1.4382720534135E-16', '1', '2.0204820814544E-32', '1', '4.0349670221984E-64', '1', '1.6420323070165E-127', '1', '2.7896035558786E-254', '1', '0', '1', '0', '1', '0'),
(20, '2020000242', 'ANNISA RAMADANI AKLI NABILA', '', '', '', '', '', '', '', '', '', '2020000242', '0.5', '0.5', '0.52851452543699', '0.47148547456301', '0.59328017167237', '0.40671982832763', '0.72056697800634', '0.27943302199366', '0.89340363320075', '0.10659636679925', '0.98888058530002', '0.011119414699981', '0.99990021559149', '9.9784408506951E-5', '0.99999999231164', '7.6883593759702E-9', '1', '4.4146306461471E-17', '1', '1.4020884025849E-33', '1', '1.3816024454225E-66', '1', '1.3357818251989E-132'),
(21, '2020000207', 'ANNISA RAMADHANI ARMITA', '', '', '', '', '', '', '', '', '', '2020000207', '0.3', '0.7', '0.15608575780445', '0.84391424219555', '0.033463347160008', '0.96653665283999', '0.0012211248691715', '0.99877887513083', '1.5280621316766E-6', '0.99999847193787', '2.374201340182E-12', '0.99999999999763', '5.6854947218118E-24', '1', '3.2453854962707E-47', '1', '1.055424143832E-93', '1', '1.1150970746926E-186', '1', '0', '1', '0', '1'),
(22, '2020000177', 'ARDELIA SETIA FITRI', '', '', '', '', '', '', '', '', '', '2020000177', '0.1', '0.9', '0.014173009946886', '0.98582699005311', '0.00024939674506448', '0.99975060325494', '7.938401775731E-8', '0.99999992061598', '7.8916653322418E-15', '0.99999999999999', '7.2251799557955E-29', '1', '5.5247700835233E-57', '1', '3.0207878890101E-113', '1', '8.6059954192948E-226', '1', '0', '1', '0', '1', '0', '1'),
(23, '2020000136', 'ARIEF KURNIAWAN', '', '', '', '', '', '', '', '', '', '2020000136', '0.7', '0.3', '0.78456185291867', '0.21543814708133', '0.88885381252198', '0.11114618747802', '0.97055918737031', '0.029440812629693', '0.99818162176326', '0.0018183782367355', '0.99999413232578', '5.867674219671E-6', '0.99999999994887', '5.1132442647388E-11', '1', '3.4675568147301E-21', '1', '1.502416465738E-41', '1', '2.7123918867531E-82', '1', '8.6465931495832E-164', '1', '0'),
(24, '2020000082', 'ARIS BORNEO', '', '', '', '', '', '', '', '', '', '2020000082', '0.2', '0.8', '0.053803293674139', '0.94619670632586', '0.0027046368878057', '0.99729536311219', '5.4507898487753E-6', '0.99999454921015', '2.0726506753373E-11', '0.99999999997927', '3.1763539933479E-22', '1', '8.1881785523677E-44', '1', '5.6357938031851E-87', '1', '2.6556621670964E-173', '1', '0', '1', '0', '1', '0', '1'),
(25, '2020000080', 'Armansyah', '', '', '', '', '', '', '', '', '', '2020000080', '0.4', '0.6', '0.31632629907367', '0.68367370092633', '0.18692631693849', '0.81307368306151', '0.056187952644244', '0.94381204735576', '0.0040383961397801', '0.99596160386022', '1.8240585692945E-5', '0.99998175941431', '3.5225758643815E-10', '0.99999999964774', '1.2805661616124E-19', '1', '1.6768521010292E-38', '1', '2.8648159164929E-76', '1', '8.3500982488671E-152', '1', '7.0925093725778E-303', '1'),
(26, '2020000087', 'ARPIYA MALJUMAR', '', '', '', '', '', '', '', '', '', '2020000087', '0.3', '0.7', '0.14356148873306', '0.85643851126694', '0.023198476971089', '0.97680152302891', '0.00042529664138711', '0.99957470335861', '1.3201641088798E-7', '0.99999986798359', '1.3742388486114E-14', '0.99999999999999', '1.6829424989752E-28', '1', '2.7128408340348E-56', '1', '7.2712494808305E-112', '1', '5.3111954588232E-223', '1', '0', '1', '0', '1'),
(27, '2020000239', 'ASTRI DEWI', '', '', '', '', '', '', '', '', '', '2020000239', '0.9', '0.1', '0.98878616315148', '0.011213836848518', '0.99988939558479', '0.00011060441521028', '0.99999999047528', '9.524722468446E-9', '1', '6.7630061332968E-17', '1', '3.5872947784191E-33', '1', '1.0979483980718E-65', '1', '1.0699500915173E-130', '1', '1.0219832836059E-260', '1', '0', '1', '0', '1', '0'),
(28, '2020000172', 'ATIKA NUR FADILLAH', '', '', '', '', '', '', '', '', '', '2020000172', '0.7', '0.3', '0.83870679735304', '0.16129320264696', '0.96143020089678', '0.038569799103223', '0.99816199839643', '0.0018380016035714', '0.99999606261498', '3.9373850179445E-6', '0.99999999998266', '1.7336526310071E-11', '1', '3.17290108355E-22', '1', '1.0272226587156E-43', '1', '1.0605618134606E-86', '1', '1.1209577418767E-172', '1', '0', '1', '0'),
(29, '2020000232', 'AUDI PUTRI ANGGINI', '', '', '', '', '', '', '', '', '', '2020000232', '0.9', '0.1', '0.98799869727969', '0.012001302720309', '0.99985580246546', '0.00014419753453726', '0.99999997983891', '2.0161094150228E-8', '1', '3.8777010913634E-16', '1', '1.4201332745659E-31', '1', '1.8814587640152E-62', '1', '3.2448973380598E-124', '1', '9.4726016509853E-248', '1', '0', '1', '0', '1', '0'),
(30, '2020000023', 'AULYA SINDY RAMA DANI', '', '', '', '', '', '', '', '', '', '2020000023', '0.4', '0.6', '0.33542093828126', '0.66457906171874', '0.2412447165015', '0.7587552834985', '0.12727709993793', '0.87272290006207', '0.031468418919549', '0.96853158108045', '0.001486881297514', '0.99851311870249', '2.7490171449581E-6', '0.99999725098286', '8.7802165173442E-12', '0.99999999999122', '8.8155767480517E-23', '1', '8.8941862742888E-45', '1', '9.080229174951E-89', '1', '9.4717183133532E-177', '1'),
(31, '2020000093', 'AURA FAWZIA', '', '', '', '', '', '', '', '', '', '2020000093', '0.3', '0.7', '0.14720212190014', '0.85279787809986', '0.026367229819954', '0.97363277018005', '0.00063335569884243', '0.99936664430116', '3.4745029874857E-7', '0.9999996525497', '1.0973664981758E-13', '0.99999999999989', '1.1840557474517E-26', '1', '1.4639537483937E-52', '1', '2.3280930673799E-104', '1', '6.076237515621E-208', '1', '0', '1', '0', '1'),
(32, '2020000192', 'AZHA SETIA DINI', '', '', '', '', '', '', '', '', '', '2020000192', '0.8', '0.2', '0.93765599188249', '0.062344008117507', '0.99504708310787', '0.0049529168921308', '0.99996962551349', '3.0374486512114E-5', '0.99999999883358', '1.1664198077926E-9', '1', '1.6308507658736E-18', '1', '2.9360770652311E-36', '1', '9.1101769962273E-72', '1', '8.6486851177065E-143', '1', '7.7639035556118E-285', '1', '0', '1', '0'),
(33, '2020000208', 'Bela Apriani BR Panjaitan', '', '', '', '', '', '', '', '', '', '2020000208', '0.6', '0.4', '0.68486052652155', '0.31513947347845', '0.81253360839119', '0.18746639160881', '0.94106910716467', '0.058930892835329', '0.9952539220239', '0.0047460779761049', '0.99997349229929', '2.6507700713191E-5', '0.9999999992342', '7.6579972633713E-10', '1', '6.1911738566897E-19', '1', '4.0245227618112E-37', '1', '1.7062231846886E-73', '1', '3.0776177025118E-146', '1', '1.0021562806557E-291'),
(34, '2020000070', 'BELLA DARIANA', '', '', '', '', '', '', '', '', '', '2020000070', '0.2', '0.8', '0.057980604654445', '0.94201939534555', '0.0036656974007262', '0.99633430259927', '1.2873715375412E-5', '0.99998712628462', '1.557147951355E-10', '0.99999999984429', '2.2949031493366E-20', '1', '5.0508445085857E-40', '1', '2.4548573679489E-79', '1', '5.7793966369423E-158', '1', '3.1852251566644E-315', '1', '0', '1', '0', '1'),
(35, '2020000120', 'BERTA JANUARI SITUMEANG', '', '', '', '', '', '', '', '', '', '2020000120', '0.5', '0.5', '0.50333138976177', '0.49666861023823', '0.51061633610831', '0.48938366389169', '0.52624234389626', '0.47375765610374', '0.55428160317418', '0.44571839682582', '0.60454738222469', '0.39545261777531', '0.69318658371856', '0.30681341628144', '0.82855492682704', '0.17144507317296', '0.95595698823034', '0.044043011769663', '0.99768010906633', '0.0023198909336653', '0.99999401173023', '5.9882697702441E-6', '0.9999999999602', '3.9799887892003E-11'),
(36, '2020000163', 'BUANA BILHUDA', '', '', '', '', '', '', '', '', '', '2020000163', '0.1', '0.9', '0.011949172928368', '0.98805082707163', '0.00013933030469853', '0.9998606696953', '1.7743609844719E-8', '0.99999998225639', '2.8181584791746E-16', '1', '7.2516812922693E-32', '1', '4.9611210115554E-63', '1', '2.3527555885722E-125', '1', '5.2868237993751E-250', '1', '0', '1', '0', '1', '0', '1'),
(37, '2020000199', 'BUNGA INDY SEFRIANTI', '', '', '', '', '', '', '', '', '', '2020000199', '0.5', '0.5', '0.48502663531775', '0.51497336468225', '0.44346804466372', '0.55653195533628', '0.34692013826726', '0.65307986173274', '0.18777560462327', '0.81222439537673', '0.04397035311412', '0.95602964688588', '0.0019591763969672', '0.99804082360303', '3.7366602228439E-6', '0.99999626333978', '1.3794747593175E-11', '0.99999999998621', '1.8987704389312E-22', '1', '3.6145568776483E-44', '1', '1.3109063211246E-87', '1'),
(38, '2020000095', 'CHYNTIA ANGRAINI', '', '', '', '', '', '', '', '', '', '2020000095', '0.3', '0.7', '0.15495190449681', '0.84504809550319', '0.030976840155077', '0.96902315984492', '0.00090251533096953', '0.99909748466903', '6.9382897894673E-7', '0.99999930617102', '4.228342086589E-13', '0.99999999999958', '1.6601948411768E-25', '1', '2.6145273058601E-50', '1', '6.4614387761799E-100', '1', '3.9007293308125E-199', '1', '0', '1', '0', '1'),
(39, '2020000260', 'CINDIKA RESI KLARA', '', '', '', '', '', '', '', '', '', '2020000260', '0.2', '0.8', '0.047744249883671', '0.95225575011633', '0.0019317146525112', '0.99806828534749', '2.6965603278387E-6', '0.99999730343967', '5.1277466575824E-12', '0.99999999999487', '1.9132348385107E-23', '1', '2.7933001194673E-46', '1', '6.074499694813E-92', '1', '2.8754054381262E-183', '1', '0', '1', '0', '1', '0', '1'),
(40, '2020000049', 'Cindy Haryanti', '', '', '', '', '', '', '', '', '', '2020000049', '0.5', '0.5', '0.49041881030141', '0.50958118969859', '0.46843131215323', '0.53156868784677', '0.42061893175854', '0.57938106824146', '0.32760137137381', '0.67239862862619', '0.18042120416955', '0.81957879583045', '0.04330185190092', '0.95669814809908', '0.0019081473873027', '0.9980918526127', '3.3909229764602E-6', '0.99999660907702', '1.058574802667E-11', '0.99999999998941', '1.0265737476732E-22', '1', '9.6453147916255E-45', '1'),
(41, '2020000182', 'DARA FAZILA', '', '', '', '', '', '', '', '', '', '2020000182', '0.7', '0.3', '0.84424406418242', '0.15575593581758', '0.96888657646417', '0.031113423535834', '0.99911473126349', '0.00088526873651042', '0.99999935968712', '6.4031287848966E-7', '0.99999999999965', '3.4812518916352E-13', '1', '1.1033090944826E-25', '1', '1.1354033730449E-50', '1', '1.1924297492024E-100', '1', '1.2913568145111E-200', '1', '0', '1', '0'),
(42, '2020000231', 'Dara sahara dewi', '', '', '', '', '', '', '', '', '', '2020000231', '0.4', '0.6', '0.3254549505031', '0.6745450494969', '0.2113064240185', '0.7886935759815', '0.082740590713719', '0.91725940928628', '0.010523696049686', '0.98947630395031', '0.0001416282494854', '0.99985837175051', '2.3379275321175E-8', '0.99999997662072', '6.1643349414409E-16', '1', '4.2720411602639E-31', '1', '2.0662797437529E-61', '1', '4.8619335037535E-122', '1', '2.6951530385859E-243', '1'),
(43, '2020000075', 'DEA RISKI KURNIA', '', '', '', '', '', '', '', '', '', '2020000075', '0.7', '0.3', '0.84728670497645', '0.15271329502355', '0.9709748524661', '0.029025147533902', '0.99925609006504', '0.00074390993496168', '0.99999955456647', '4.4543352788907E-7', '0.99999999999983', '1.7008213108968E-13', '1', '2.7335989355171E-26', '1', '7.4322856763272E-52', '1', '5.5850330252844E-103', '1', '3.1707444033991E-205', '1', '0', '1', '0'),
(44, '2020000206', 'DEANNA PUTERI ERFHANDY', '', '', '', '', '', '', '', '', '', '2020000206', '0.5', '0.5', '0.45924341488615', '0.54075658511385', '0.38738171446853', '0.61261828553147', '0.26846040544121', '0.73153959455879', '0.11287080167351', '0.88712919832649', '0.014603430005339', '0.98539656999466', '0.00019194171272573', '0.99980805828727', '3.1623011729191E-8', '0.99999996837699', '8.5852205950022E-16', '1', '6.3612093029306E-31', '1', '3.5105022363802E-61', '1', '1.0706932649137E-121', '1'),
(45, '2020000072', 'DEBORA PANGGABEAN', '', '', '', '', '', '', '', '', '', '2020000072', '0.5', '0.5', '0.50330347942711', '0.49669652057289', '0.50746211236935', '0.49253788763065', '0.5117396634446', '0.4882603365554', '0.52189136619076', '0.47810863380924', '0.54819408787873', '0.45180591212127', '0.60864574516894', '0.39135425483106', '0.72496179655437', '0.27503820344563', '0.88570461054792', '0.11429538945208', '0.98558327600024', '0.014416723999757', '0.9998143419106', '0.00018565808940256', '0.99999997014126', '2.9858737496401E-8'),
(46, '2020000086', 'DELLA SRIWAHYUNI', '', '', '', '', '', '', '', '', '', '2020000086', '0.9', '0.1', '0.98909753257722', '0.010902467422781', '0.99989651626394', '0.00010348373606041', '0.99999999152106', '8.4789445495279E-9', '1', '5.7234102807071E-17', '1', '2.8295656098237E-33', '1', '7.6691401613247E-66', '1', '6.044432159802E-131', '1', '3.9286119390651E-261', '1', '0', '1', '0', '1', '0'),
(47, '2020000117', 'DENTRI SEVIANA', '', '', '', '', '', '', '', '', '', '2020000117', '0.6', '0.4', '0.6325125791633', '0.3674874208367', '0.65131560059167', '0.34868439940833', '0.62234452183024', '0.37765547816976', '0.53484550817399', '0.46515449182601', '0.40249173835452', '0.59750826164548', '0.23307777458975', '0.76692222541025', '0.066238122121135', '0.93376187787886', '0.0040009892362635', '0.99599901076374', '1.2947411338713E-5', '0.99998705258866', '1.3422376019762E-10', '0.99999999986578', '1.4414781879908E-20', '1'),
(48, '2020000118', 'DEO STEAFIN SYAM', '', '', '', '', '', '', '', '', '', '2020000118', '0.5', '0.5', '0.497480090023', '0.502519909977', '0.47837250226892', '0.52162749773108', '0.41982816956275', '0.58017183043725', '0.30186095131162', '0.69813904868838', '0.13862194123571', '0.86137805876429', '0.02332859056994', '0.97667140943006', '0.0005417447471691', '0.99945825525283', '2.7934899143626E-7', '0.99999972065101', '7.3552291117439E-14', '0.99999999999993', '5.0628944853597E-27', '1', '2.3950729414167E-53', '1'),
(49, '2020000045', 'DEPA FEBRIANSYAH SALSABILA', '', '', '', '', '', '', '', '', '', '2020000045', '0.6', '0.4', '0.68505479916844', '0.31494520083156', '0.81679361041548', '0.18320638958452', '0.94741831573072', '0.052581684269282', '0.9965584689564', '0.0034415310435989', '0.99998690844153', '1.3091558471183E-5', '0.999999999818', '1.8199930212861E-10', '1', '3.4633488114201E-20', '1', '1.2510333289544E-39', '1', '1.6355049495269E-78', '1', '2.8004372554234E-156', '1', '8.2140071484716E-312'),
(50, '2020000237', 'Deva Marcel Nainggolan', '', '', '', '', '', '', '', '', '', '2020000237', '0.6', '0.4', '0.70033487408415', '0.29966512591585', '0.8533753166514', '0.1466246833486', '0.97405318416951', '0.025946815830492', '0.99936777634441', '0.00063222365559194', '0.9999996338096', '3.6619039601311E-7', '0.99999999999987', '1.2761243789192E-13', '1', '1.5840107029254E-26', '1', '2.4612357857165E-52', '1', '5.965008167518E-104', '1', '3.5096093168998E-207', '1', '0'),
(51, '2020000060', 'DHANI ANANDA SIAHAAN', '', '', '', '', '', '', '', '', '', '2020000060', '0.3', '0.7', '0.13091127671698', '0.86908872328302', '0.018283570517862', '0.98171642948214', '0.0002843478942914', '0.99971565210571', '6.846471340363E-8', '0.99999993153529', '4.0457357182815E-15', '1', '1.4561564334185E-29', '1', '1.9642251464289E-58', '1', '3.7218994280754E-116', '1', '1.3877849304205E-231', '1', '0', '1', '0', '1'),
(52, '2020000041', 'DHAVA RIZKY PRATAMA', '', '', '', '', '', '', '', '', '', '2020000041', '0.6', '0.4', '0.70165083033232', '0.29834916966768', '0.84656039474887', '0.15343960525113', '0.96590560780437', '0.034094392195628', '0.99858955377211', '0.0014104462278909', '0.99999776186454', '2.2381354574565E-6', '0.99999999999456', '5.4417107391878E-12', '1', '3.2178108661489E-23', '1', '1.1516972136697E-45', '1', '1.5216898750004E-90', '1', '2.7123432180522E-180', '1', '0'),
(53, '2020000150', 'DIAH FITRIANI', '', '', '', '', '', '', '', '', '', '2020000150', '0.7', '0.3', '0.84105730187505', '0.15894269812495', '0.9648447315552', '0.035155268444796', '0.99866460413926', '0.0013353958607443', '0.99999819652425', '1.8034757525978E-6', '0.99999999999666', '3.3406118241729E-12', '1', '1.1741352961502E-23', '1', '1.4764881921913E-46', '1', '2.3635061633257E-92', '1', '6.1212445431579E-184', '1', '0', '1', '0'),
(54, '2020000054', 'Dian Fahrian Sah', '', '', '', '', '', '', '', '', '', '2020000054', '0.4', '0.6', '0.32803713843584', '0.67196286156416', '0.20967709134823', '0.79032290865177', '0.074085788130977', '0.92591421186902', '0.0071902709583588', '0.99280972904164', '5.7942096559516E-5', '0.99994205790344', '3.5973998992591E-9', '0.9999999964026', '1.3554558435566E-17', '1', '1.8938634175846E-34', '1', '3.6491127497239E-68', '1', '1.3440259235476E-135', '1', '1.8203805041071E-270', '1'),
(55, '2020000148', 'DIAN IRAWAN', '', '', '', '', '', '', '', '', '', '2020000148', '0.2', '0.8', '0.066139010382328', '0.93386098961767', '0.0058718950603589', '0.99412810493964', '4.3569181963073E-5', '0.99995643081804', '2.3968611916325E-9', '0.99999999760314', '6.9439728934816E-18', '1', '5.471461580747E-35', '1', '3.2691333421416E-69', '1', '1.1451469533602E-137', '1', '1.3888156947999E-274', '1', '0', '1', '0', '1'),
(56, '2020000102', 'DIAN NAYLA ARTIKA', '', '', '', '', '', '', '', '', '', '2020000102', '0.7', '0.3', '0.83359737568639', '0.16640262431361', '0.95666610704846', '0.043333892951536', '0.99750854013227', '0.0024914598677268', '0.99999220008927', '7.7999107337562E-6', '0.9999999999268', '7.3196379889384E-11', '1', '6.076996814201E-21', '1', '4.0741893981293E-41', '1', '1.8217048177867E-81', '1', '3.6514162962213E-162', '1', '1.4821969375237E-323', '1', '0'),
(57, '2020000094', 'DIAN RAHMADHANIA', '', '', '', '', '', '', '', '', '', '2020000094', '0.4', '0.6', '0.247901613509', '0.752098386491', '0.072410394913507', '0.92758960508649', '0.0041161430917738', '0.99588385690823', '1.1327628531423E-5', '0.99998867237147', '8.5204171510503E-11', '0.9999999999148', '4.8937141281346E-21', '1', '1.6079309082227E-41', '1', '1.7049717965301E-82', '1', '1.8723228909565E-164', '1', '0', '1', '0', '1'),
(58, '2020000008', 'Diffa Adira Pramidya', '', '', '', '', '', '', '', '', '', '2020000008', '0.3', '0.7', '0.15922560444748', '0.84077439555252', '0.034277225399227', '0.96572277460077', '0.0011704756293856', '0.99882952437061', '1.2646729602514E-6', '0.99999873532704', '1.5518520996156E-12', '0.99999999999845', '2.5512144560431E-24', '1', '7.3429489207961E-48', '1', '6.3097231375298E-95', '1', '4.7892423940292E-189', '1', '0', '1', '0', '1'),
(59, '2020000039', 'DIKY PERMANA', '', '', '', '', '', '', '', '', '', '2020000039', '0.6', '0.4', '0.67599528792131', '0.32400471207869', '0.7944109417346', '0.2055890582654', '0.92541843887281', '0.074581561127195', '0.99209814848', '0.0079018515199971', '0.99992564951046', '7.4350489543114E-5', '0.99999999394835', '6.0516526024926E-9', '1', '3.8540478923787E-17', '1', '1.5376957826934E-33', '1', '2.4273491313543E-66', '1', '6.0243371568145E-132', '1', '3.7081512200624E-263'),
(60, '2020000229', 'DINDA FADILLAH', '', '', '', '', '', '', '', '', '', '2020000229', '0.6', '0.4', '0.69742327274507', '0.30257672725493', '0.84234170763496', '0.15765829236504', '0.9654102442071', '0.034589755792896', '0.99867940656773', '0.0013205934322738', '0.99999823931134', '1.7606886644745E-6', '0.99999999999699', '3.012176608265E-12', '1', '8.6157677966904E-24', '1', '6.9661942856199E-47', '1', '4.5164402937161E-93', '1', '1.890130424982E-185', '1', '0'),
(61, '2020000012', 'DINDA KURNIATI', '', '', '', '', '', '', '', '', '', '2020000012', '0.7', '0.3', '0.84092958090377', '0.15907041909623', '0.96409772541127', '0.035902274588728', '0.99853563928369', '0.001464360716314', '0.99999769824736', '2.3017526412502E-6', '0.99999999999434', '5.6641860659198E-12', '1', '3.4146520998127E-23', '1', '1.2445556768841E-45', '1', '1.6656125222816E-90', '1', '3.0105057239154E-180', '1', '0', '1', '0'),
(62, '2020000159', 'DINI RAHMADANI', '', '', '', '', '', '', '', '', '', '2020000159', '0.4', '0.6', '0.31997904827017', '0.68002095172983', '0.19709440372201', '0.80290559627799', '0.066804918303302', '0.9331950816967', '0.006254355122457', '0.99374564487754', '4.7127581150657E-5', '0.99995287241885', '2.5040418752079E-9', '0.99999999749596', '6.9109246900556E-18', '1', '5.2672375495517E-35', '1', '3.0856852851505E-69', '1', '1.0657449281006E-137', '1', '1.2730067305302E-274', '1'),
(63, '2020000128', 'DINNY AFRILLIANTI', '', '', '', '', '', '', '', '', '', '2020000128', '0.9', '0.1', '0.98745744713668', '0.012542552863317', '0.99983096102552', '0.00016903897448349', '0.99999996919583', '3.0804165323016E-8', '1', '1.0271893991293E-15', '1', '1.1158918436189E-30', '1', '1.2720610556504E-60', '1', '1.6158551175477E-120', '1', '2.5748336244806E-240', '1', '0', '1', '0', '1', '0'),
(64, '2020000224', 'DIVANI JAYANTI', '', '', '', '', '', '', '', '', '', '2020000224', '0.2', '0.8', '0.053791850463569', '0.94620814953643', '0.0028524991665651', '0.99714750083343', '6.9392385274727E-6', '0.99999306076147', '3.991501335789E-11', '0.99999999996008', '1.3378218641438E-21', '1', '1.5378940029263E-42', '1', '2.0403697786024E-84', '1', '3.560814818896E-168', '1', '0', '1', '0', '1', '0', '1'),
(65, '2020000133', 'Duwi winara', '', '', '', '', '', '', '', '', '', '2020000133', '0.7', '0.3', '0.82085070872851', '0.17914929127149', '0.94055724948014', '0.059442750519858', '0.99378063503528', '0.0062193649647207', '0.99993489654999', '6.5103450007385E-5', '0.99999999365647', '6.3435285875984E-9', '1', '5.143703460019E-17', '1', '3.1185970052076E-33', '1', '1.1184508204547E-65', '1', '1.4310171055367E-130', '1', '2.3417710884358E-260', '1', '0'),
(66, '2020000124', 'DWI ANDINI', '', '', '', '', '', '', '', '', '', '2020000124', '0.7', '0.3', '0.82450042616343', '0.17549957383657', '0.9471294473258', '0.052870552674196', '0.9958025318936', '0.0041974681064036', '0.99997533325333', '2.4666746673081E-5', '0.99999999920668', '7.9331788618874E-10', '1', '7.4734866370336E-19', '1', '6.2942755004425E-37', '1', '4.3719561384891E-73', '1', '2.0886750663109E-145', '1', '4.745067823381E-290', '1', '0'),
(67, '2020000197', 'DWI NUR AINI', '', '', '', '', '', '', '', '', '', '2020000197', '0.6', '0.4', '0.65695684613506', '0.34304315386494', '0.75873233055779', '0.24126766944221', '0.89535703455543', '0.10464296544457', '0.98475437420858', '0.01524562579142', '0.99972832470487', '0.00027167529512715', '0.99999991607234', '8.3927657707075E-8', '0.99999999999999', '7.9461939723971E-15', '1', '7.0323921362832E-29', '1', '5.4361082040171E-57', '1', '3.2191621964982E-113', '1', '1.1265744622061E-225'),
(68, '2020000255', 'DYANITA ELIZA NATALIA.P', '', '', '', '', '', '', '', '', '', '2020000255', '0.5', '0.5', '0.51123181556959', '0.48876818443041', '0.54349654610154', '0.45650345389846', '0.62083289895888', '0.37916710104112', '0.76100001635759', '0.23899998364241', '0.92125784074653', '0.078742159253467', '0.99340133054081', '0.0065986694591896', '0.99995903649459', '4.0963505406829E-5', '0.9999999984407', '1.5592982037999E-9', '1', '2.245746427194E-18', '1', '4.6363993455156E-36', '1', '1.97417947348E-71'),
(69, '2020000139', 'EDISON PANJAITAN', '', '', '', '', '', '', '', '', '', '2020000139', '0.3', '0.7', '0.16009078675858', '0.83990921324142', '0.035232565808407', '0.96476743419159', '0.0012763896686269', '0.99872361033137', '1.5386543891603E-6', '0.99999846134561', '2.3032750555008E-12', '0.9999999999977', '5.4405455694381E-24', '1', '3.130864686739E-47', '1', '1.0499182993011E-93', '1', '1.188714212381E-186', '1', '0', '1', '0', '1'),
(70, '2020000233', 'EKA BAGUS WIRA BAKTI SUDJIARTO', '', '', '', '', '', '', '', '', '', '2020000233', '0.7', '0.3', '0.83400204085647', '0.16599795914353', '0.95769900243553', '0.042300997564468', '0.9977310455651', '0.0022689544348966', '0.99999380786133', '6.1921386737717E-6', '0.99999999995457', '4.5427605282955E-11', '1', '2.3938057335473E-21', '1', '6.6402312214118E-42', '1', '5.1718816259496E-83', '1', '3.1909174600645E-165', '1', '0', '1', '0'),
(71, '2020000185', 'Eka Novianti', '', '', '', '', '', '', '', '', '', '2020000185', '0.8', '0.2', '0.94501757476553', '0.054982425234473', '0.99718060905801', '0.0028193909419906', '0.99999436719412', '5.6328058812319E-6', '0.99999999997881', '2.1189863215148E-11', '1', '3.3684194212508E-22', '1', '1.0092816311184E-43', '1', '9.9370603115744E-87', '1', '9.9652472384521E-173', '1', '0', '1', '0', '1', '0'),
(72, '2020000044', 'EKO FEBRIANTO PRATAMA', '', '', '', '', '', '', '', '', '', '2020000044', '0.5', '0.5', '0.49356140195529', '0.50643859804471', '0.47715129487614', '0.52284870512386', '0.43913719313305', '0.56086280686695', '0.36522748455563', '0.63477251544437', '0.24068574171193', '0.75931425828807', '0.090138245942494', '0.90986175405751', '0.0097788931095614', '0.99022110689044', '9.9328366735789E-5', '0.99990067163326', '1.0145833708298E-8', '0.99999998985417', '1.064009502124E-16', '1', '1.1713681538632E-32', '1'),
(73, '2020000046', 'ELIA SAPTIA ANDINI', '', '', '', '', '', '', '', '', '', '2020000046', '0.5', '0.5', '0.50875806014327', '0.49124193985673', '0.53408734444534', '0.46591265555466', '0.59589557128506', '0.40410442871494', '0.71144781783416', '0.28855218216585', '0.86895025759345', '0.13104974240655', '0.97843020384866', '0.021569796151342', '0.99951301267583', '0.00048698732417116', '0.99999975800549', '2.4199451271449E-7', '0.99999999999994', '6.0360136681953E-14', '1', '3.777414554223E-27', '1', '1.4809283695025E-53'),
(74, '2020000205', 'ELSA DAMERIA HUTABARAT', '', '', '', '', '', '', '', '', '', '2020000205', '0.4', '0.6', '0.32763183896546', '0.67236816103454', '0.20149252606319', '0.79850747393681', '0.060619323586453', '0.93938067641355', '0.0041291026442639', '0.99587089735574', '1.7671432622238E-5', '0.99998232856738', '3.3924994753515E-10', '0.99999999966075', '1.2931677734506E-19', '1', '1.9061019246556E-38', '1', '4.1771183508772E-76', '1', '2.0141284486323E-151', '1', '4.685391792194E-302', '1'),
(75, '2020000071', 'ELSARI CORYANA LUMBAN RAJA', '', '', '', '', '', '', '', '', '', '2020000071', '0.5', '0.5', '0.43822173846806', '0.56177826153194', '0.28782463390891', '0.71217536609109', '0.079473540337473', '0.92052645966253', '0.0036859973856244', '0.99631400261438', '7.9412161341743E-6', '0.99999205878387', '4.7400242736635E-11', '0.9999999999526', '1.9848287903339E-21', '1', '3.7508295981078E-42', '1', '1.3979781789246E-83', '1', '1.9843157237089E-166', '1', '0', '1'),
(76, '2020000009', 'Erick Cantona Ritonga', '', '', '', '', '', '', '', '', '', '2020000009', '0.1', '0.9', '0.011347490847119', '0.98865250915288', '0.00011711005476961', '0.99988288994523', '1.1397174512579E-8', '0.99999998860283', '1.0531155612641E-16', '1', '9.3678406326882E-33', '1', '7.8914301685142E-65', '1', '5.7815196347673E-129', '1', '3.1315291210339E-257', '1', '0', '1', '0', '1', '0', '1'),
(77, '2020000264', 'EVAN PRAYOGA', '', '', '', '', '', '', '', '', '', '2020000264', '0.4', '0.6', '0.30677799585091', '0.69322200414909', '0.16255153244731', '0.83744846755269', '0.035762535700716', '0.96423746429928', '0.001341965534068', '0.99865803446593', '1.7601586219443E-6', '0.99999823984138', '3.0170214440305E-12', '0.99999999999698', '8.8251943185555E-24', '1', '7.5040065372815E-47', '1', '5.3880718423705E-93', '1', '2.7658261111391E-185', '1', '0', '1'),
(78, '2020000191', 'FADILLAH NAWANGWULAN', '', '', '', '', '', '', '', '', '', '2020000191', '0.5', '0.5', '0.49512880476297', '0.50487119523703', '0.48500327724586', '0.51499672275414', '0.46423387258822', '0.53576612741178', '0.42115674319401', '0.57884325680599', '0.33709113307346', '0.66290886692654', '0.19739528967478', '0.80260471032522', '0.053843592849333', '0.94615640715067', '0.003005141743437', '0.99699485825656', '8.3647980258169E-6', '0.99999163520197', '6.399807126366E-11', '0.999999999936', '3.7414279116722E-21', '1'),
(79, '2020000016', 'FADLA ARVIN', '', '', '', '', '', '', '', '', '', '2020000016', '0.6', '0.4', '0.68424159311384', '0.31575840688616', '0.81437698775601', '0.18562301224399', '0.94498006718592', '0.055019932814082', '0.99613177773192', '0.003868222268077', '0.99998310139723', '1.6898602770195E-5', '0.99999999969115', '3.0884678590865E-10', '1', '1.0170051595665E-19', '1', '1.1037549932939E-38', '1', '1.3079381363163E-76', '1', '1.8449008883235E-152', '1', '3.6741339630844E-304'),
(80, '2020000037', 'FADYLA SRI WATI', '', '', '', '', '', '', '', '', '', '2020000037', '0.2', '0.8', '0.056464017765767', '0.94353598223423', '0.0033754908407017', '0.9966245091593', '1.0641098227515E-5', '0.99998935890177', '1.0552882373709E-10', '0.99999999989447', '1.0622801546449E-20', '1', '1.1131188230532E-40', '1', '1.2553239185258E-80', '1', '1.6275513754026E-160', '1', '2.7806014547945E-320', '1', '0', '1', '0', '1'),
(81, '2020000032', 'Fajar al-farabie', '', '', '', '', '', '', '', '', '', '2020000032', '0.3', '0.7', '0.15707459006396', '0.84292540993604', '0.035191580525323', '0.96480841947468', '0.0014592247695732', '0.99854077523043', '2.4609674848773E-6', '0.99999753903252', '7.0256364798075E-12', '0.99999999999297', '5.7576394590117E-23', '1', '3.9926134232955E-45', '1', '2.0067697011139E-89', '1', '5.3139960127428E-178', '1', '0', '1', '0', '1'),
(82, '2020000089', 'FAKHRIREZA AHMAD', '', '', '', '', '', '', '', '', '', '2020000089', '0.5', '0.5', '0.4850076883317', '0.5149923116683', '0.43448065370997', '0.56551934629003', '0.31099522174699', '0.68900477825301', '0.12866554562196', '0.87133445437804', '0.016663413370107', '0.98333658662989', '0.00024913788892718', '0.99975086211107', '5.6790262267825E-8', '0.99999994320974', '2.9775942711484E-15', '1', '8.1459043618509E-30', '1', '6.0634297510451E-59', '1', '3.3551779660015E-117', '1'),
(83, '2020000217', 'FANNY FEBYYANI', '', '', '', '', '', '', '', '', '', '2020000217', '0.1', '0.9', '0.012988742699005', '0.987011257301', '0.000191724393857', '0.99980827560614', '4.3177922632182E-8', '0.99999995682208', '2.2263526900228E-15', '1', '5.6893874095947E-30', '1', '3.5011471445417E-59', '1', '1.282131085617E-117', '1', '1.696157437478E-234', '1', '0', '1', '0', '1', '0', '1'),
(84, '2020000249', 'FARIDA', '', '', '', '', '', '', '', '', '', '2020000249', '0.4', '0.6', '0.34096216125344', '0.65903783874656', '0.25128547001986', '0.74871452998014', '0.136338655955', '0.863661344045', '0.035236090888916', '0.96476390911108', '0.0018433552260851', '0.99815664477391', '4.2936063596347E-6', '0.99999570639364', '2.2145360516034E-11', '0.99999999997785', '5.8332538611933E-22', '1', '4.0616578942325E-43', '1', '1.9769289060029E-85', '1', '4.6874588457756E-170', '1'),
(85, '2020000081', 'FEBI AGUS MERI PUTRI', '', '', '', '', '', '', '', '', '', '2020000081', '0.3', '0.7', '0.16549240304352', '0.83450759695648', '0.04241020031147', '0.95758979968853', '0.0023508967538651', '0.99764910324613', '6.8047590079112E-6', '0.99999319524099', '5.4431473400517E-11', '0.99999999994557', '3.2688202099094E-21', '1', '1.1383401914888E-41', '1', '1.3624051207015E-82', '1', '1.940679533654E-164', '1', '0', '1', '0', '1'),
(86, '2020000161', 'FIRZA ALFAROTSI', '', '', '', '', '', '', '', '', '', '2020000161', '0.5', '0.5', '0.51486115837424', '0.48513884162576', '0.55111732084429', '0.44888267915571', '0.63140021367013', '0.36859978632987', '0.77039351883826', '0.22960648116174', '0.92558578982757', '0.074414210172429', '0.9938954626786', '0.0061045373213954', '0.99996303771013', '3.6962289869684E-5', '0.99999999863908', '1.3609175612895E-9', '1', '1.8660041393404E-18', '1', '3.5305943671229E-36', '1', '1.265415716782E-71'),
(87, '2020000204', 'fitri mutiara', '', '', '', '', '', '', '', '', '', '2020000204', '0.2', '0.8', '0.060376298788174', '0.93962370121183', '0.0044707445902677', '0.99552925540973', '2.3864590786776E-5', '0.99997613540921', '7.0457355040895E-10', '0.99999999929543', '5.9189623554792E-19', '1', '3.9188672865321E-37', '1', '1.6768580074636E-73', '1', '3.0846249625197E-146', '1', '1.058454499477E-291', '1', '0', '1', '0', '1'),
(88, '2020000263', 'FITRIA UTAMI', '', '', '', '', '', '', '', '', '', '2020000263', '0.6', '0.4', '0.68511431074646', '0.31488568925354', '0.81755914742608', '0.18244085257392', '0.94846328462842', '0.051536715371584', '0.99676628431242', '0.0032337156875797', '0.99998871967494', '1.1280325061951E-5', '0.99999999986861', '1.3138923359181E-10', '1', '1.7414612727705E-20', '1', '3.0236668171964E-40', '1', '9.0458717158878E-80', '1', '8.0629864304174E-159', '1', '6.401213814714E-317'),
(89, '2020000132', 'GRECIA SITANGGANG', '', '', '', '', '', '', '', '', '', '2020000132', '1', '0', '1', '0', '1', '0', '1', '0', '1', '0', '1', '0', '1', '0', '1', '0', '1', '0', '1', '0', '1', '0', '1', '0'),
(90, '2020000033', 'HASRILIZA', '', '', '', '', '', '', '', '', '', '2020000033', '0.9', '0.1', '0.98726345308169', '0.012736546918309', '0.99982103526529', '0.0001789647347082', '0.99999996400286', '3.5997138684214E-8', '1', '1.4826570511351E-15', '1', '2.4569288548179E-30', '1', '6.5029386001404E-60', '1', '4.4794835821183E-119', '1', '2.1205092498043E-237', '1', '0', '1', '0', '1', '0'),
(91, '2020000230', 'HAUDI MAJENDA', '', '', '', '', '', '', '', '', '', '2020000230', '0.9', '0.1', '0.98738522554727', '0.012614774452735', '0.99982988019569', '0.00017011980431091', '0.99999996947848', '3.052151964243E-8', '1', '9.967731631132E-16', '1', '1.0720558075485E-30', '1', '1.2489722806014E-60', '1', '1.7160513992386E-120', '1', '3.2875320249588E-240', '1', '0', '1', '0', '1', '0'),
(92, '2020000149', 'HERYAN ELVANDI', '', '', '', '', '', '', '', '', '', '2020000149', '0.5', '0.5', '0.50608863544901', '0.49391136455099', '0.54006546791639', '0.45993453208361', '0.63761426890653', '0.36238573109347', '0.80844809985539', '0.19155190014461', '0.95799111813843', '0.04200888186157', '0.99833224350376', '0.0016677564962363', '0.99999746669855', '2.5333014531468E-6', '0.99999999999419', '5.8134830343396E-12', '1', '3.0112613202676E-23', '1', '7.9780140675099E-46', '1', '5.5845575819477E-91'),
(93, '2020000170', 'IIN SURYANINGSIH', '', '', '', '', '', '', '', '', '', '2020000170', '0.7', '0.3', '0.83087846378459', '0.16912153621541', '0.95655321090473', '0.043446789095272', '0.99777667488762', '0.0022233251123757', '0.99999475972423', '5.240275770187E-6', '0.99999999997111', '2.8893556999456E-11', '1', '8.7751929868232E-22', '1', '7.9954845651952E-43', '1', '6.5184918008184E-85', '1', '4.2517788742375E-169', '1', '0', '1', '0'),
(94, '2020000061', 'IKLIMA SARI', '', '', '', '', '', '', '', '', '', '2020000061', '0.5', '0.5', '0.4948943576436', '0.5051056423564', '0.48129859586212', '0.51870140413788', '0.44901296855675', '0.55098703144325', '0.38605878077028', '0.61394121922972', '0.27672504915323', '0.72327495084677', '0.12756006981875', '0.87243993018125', '0.021389173853028', '0.97861082614697', '0.0004956495507999', '0.9995043504492', '2.58418231749E-7', '0.99999974158177', '7.0676202959049E-14', '0.99999999999993', '5.2935712815804E-27', '1'),
(95, '2020000034', 'IMA ADE ANUGRAH', '', '', '', '', '', '', '', '', '', '2020000034', '0.3', '0.7', '0.14158689876443', '0.85841310123557', '0.022434267430793', '0.97756573256921', '0.00040418464201743', '0.99959581535798', '1.2212100016592E-7', '0.999999877879', '1.1877424215568E-14', '0.99999999999999', '1.23857144495E-28', '1', '1.4240887805027E-56', '1', '1.926444991846E-112', '1', '3.5659891134904E-224', '1', '0', '1', '0', '1'),
(96, '2020000119', 'IMAM AFANDI', '', '', '', '', '', '', '', '', '', '2020000119', '0.7', '0.3', '0.85071376799283', '0.14928623200717', '0.97220745653667', '0.027792543463331', '0.99927486800597', '0.00072513199403262', '0.99999953734058', '4.6265941601497E-7', '0.99999999999981', '1.9437518158468E-13', '1', '3.6003834978471E-26', '1', '1.2711397096114E-51', '1', '1.6057025386796E-102', '1', '2.5829674312164E-204', '1', '0', '1', '0'),
(97, '2020000201', 'Indah Meliandah Gunawan', '', '', '', '', '', '', '', '', '', '2020000201', '0.6', '0.4', '0.68659423200416', '0.31340576799584', '0.82050255736112', '0.17949744263888', '0.95057879477328', '0.049421205226718', '0.99708107649917', '0.0029189235008328', '0.99999105659618', '8.9434038225568E-6', '0.99999999992118', '7.8819529809462E-11', '1', '5.8537788919418E-21', '1', '3.1318464300107E-41', '1', '8.7420937196052E-82', '1', '6.7125780326389E-163', '1', '0'),
(98, '2020000266', 'INDO LESTARI', '', '', '', '', '', '', '', '', '', '2020000266', '0.4', '0.6', '0.31485532933686', '0.68514467066314', '0.18310062268373', '0.81689937731627', '0.052525137699047', '0.94747486230095', '0.0034506496210375', '0.99654935037896', '1.3301876153896E-5', '0.99998669812385', '1.9106208009008E-10', '0.99999999980894', '3.9057018531491E-20', '1', '1.6379863325241E-39', '1', '2.9038743138516E-78', '1', '9.177170657024E-156', '1', '9.17599162221E-311', '1'),
(99, '2020000212', 'INDRY NAULINA', '', '', '', '', '', '', '', '', '', '2020000212', '0.8', '0.2', '0.94255768649298', '0.057442313507019', '0.99648947298002', '0.0035105270199774', '0.99998870555823', '1.1294441771658E-5', '0.99999999988633', '1.1366572481629E-10', '1', '1.1723759261607E-20', '1', '1.2866993607485E-40', '1', '1.5685530768625E-80', '1', '2.3265785608635E-160', '1', '5.085417692644E-320', '1', '0', '1', '0'),
(100, '2020000115', 'Inri Simanulang', '', '', '', '', '', '', '', '', '', '2020000115', '0.5', '0.5', '0.4851128093566', '0.5148871906434', '0.44776659973671', '0.55223340026329', '0.36424754881227', '0.63575245118773', '0.22151604454497', '0.77848395545503', '0.068105347529315', '0.93189465247069', '0.0050997214044972', '0.9949002785955', '2.630033609263E-5', '0.99997369966391', '7.0971167144031E-10', '0.99999999929029', '5.2626509959533E-19', '1', '2.9236250682718E-37', '1', '9.0404810174903E-74', '1'),
(101, '2020000253', 'IQBAL', '', '', '', '', '', '', '', '', '', '2020000253', '0.4', '0.6', '0.32598265775217', '0.67401734224783', '0.212769784625', '0.787230215375', '0.084644518132381', '0.91535548186762', '0.011104193729015', '0.98889580627099', '0.00015754019954619', '0.99984245980045', '2.8634177456779E-8', '0.99999997136582', '9.0901423442423E-16', '1', '9.0814673122067E-31', '1', '9.0810412559106E-61', '1', '9.1045620270165E-121', '1', '9.1577778733582E-241', '1'),
(102, '2020000015', 'IRA MULANDA', '', '', '', '', '', '', '', '', '', '2020000015', '0.5', '0.5', '0.47581505178216', '0.52418494821784', '0.41847879560242', '0.58152120439758', '0.29907462530315', '0.70092537469685', '0.12992986104002', '0.87007013895998', '0.018879578888898', '0.9811204211111', '0.00034522521363494', '0.99965477478637', '1.1750601711003E-7', '0.99999988249398', '1.4063097776392E-14', '0.99999999999999', '2.0649914408838E-28', '1', '4.5161074907241E-56', '1', '2.1658488805304E-111', '1'),
(103, '2020000187', 'Juara Rapolo Open Hutahaean', '', '', '', '', '', '', '', '', '', '2020000187', '0.3', '0.7', '0.15707459006396', '0.84292540993604', '0.035191580525323', '0.96480841947468', '0.0014592247695732', '0.99854077523043', '2.4609674848773E-6', '0.99999753903252', '7.0256364798075E-12', '0.99999999999297', '5.7576394590117E-23', '1', '3.9926134232955E-45', '1', '2.0067697011139E-89', '1', '5.3139960127428E-178', '1', '0', '1', '0', '1'),
(104, '2020000059', 'JULI SEKAR SARI', '', '', '', '', '', '', '', '', '', '2020000059', '0.8', '0.2', '0.9376225654064', '0.062377434593596', '0.99531155233797', '0.0046884476620347', '0.99997635071863', '2.3649281373739E-5', '0.9999999994153', '5.8470455395941E-10', '1', '3.5065114643387E-19', '1', '1.2284867726224E-37', '1', '1.4637848996127E-74', '1', '2.0207466593271E-148', '1', '3.7505374825116E-296', '1', '0', '1', '0'),
(105, '2020000245', 'JUSLINAR', '', '', '', '', '', '', '', '', '', '2020000245', '0.8', '0.2', '0.94648099658992', '0.053519003410076', '0.9973180028192', '0.0026819971808041', '0.99999456494516', '5.4350548355897E-6', '0.99999999997865', '2.1348434751358E-11', '1', '3.5276835515068E-22', '1', '1.0714116228506E-43', '1', '1.0456667935163E-86', '1', '1.0144159289863E-172', '1', '0', '1', '0', '1', '0'),
(106, '2020000174', 'Juwita Febriani', '', '', '', '', '', '', '', '', '', '2020000174', '0.4', '0.6', '0.29932099113472', '0.70067900886528', '0.14832884405501', '0.85167115594499', '0.027819744829404', '0.9721802551706', '0.00075445434524657', '0.99924554565475', '5.1528517240527E-7', '0.99999948471483', '2.3558355068463E-13', '0.99999999999976', '4.8104028354258E-26', '1', '1.9552149988879E-51', '1', '3.1452613545582E-102', '1', '8.0069080540965E-204', '1', '0', '1'),
(107, '2020000079', 'Juwita Yustika', '', '', '', '', '', '', '', '', '', '2020000079', '0.7', '0.3', '0.84659775748326', '0.15340224251674', '0.97029171853656', '0.029708281463437', '0.99919329996865', '0.00080670003135148', '0.99999946957748', '5.3042252447827E-7', '0.99999999999977', '2.3329727206669E-13', '1', '4.6932139853514E-26', '1', '1.8970204647961E-51', '1', '3.0150073706278E-102', '1', '7.3509231208787E-204', '1', '0', '1', '0'),
(108, '2020000109', 'KRISTOFELIX NADEAK', '', '', '', '', '', '', '', '', '', '2020000109', '0.7', '0.3', '0.86279007500169', '0.13720992499831', '0.98070381189543', '0.019296188104573', '0.99974411536626', '0.00025588463373533', '0.99999995956112', '4.043887894044E-8', '1', '1.0978873398297E-15', '1', '9.3116381521547E-31', '1', '7.1722419968933E-61', '1', '4.3117439006149E-121', '1', '1.5494156871299E-241', '1', '0', '1', '0');
INSERT INTO `siswa` (`id_siswa`, `no_peserta`, `nama_siswa`, `tempat_lahir`, `tanggal_lahir`, `agama`, `alamat`, `no_hp`, `asal_sekolah`, `status_sekolah_asal`, `bulan_tahun_masuk_smp`, `bulan_tahun_lulus_smp`, `password`, `partisi_c1`, `partisi_c2`, `µi1p1`, `µi2p1`, `µi1p2`, `µi2p2`, `µi1p3`, `µi2p3`, `µi1p4`, `µi2p4`, `µi1p5`, `µi2p5`, `µi1p6`, `µi2p6`, `µi1p7`, `µi2p7`, `µi1p8`, `µi2p8`, `µi1p9`, `µi2p9`, `µi1p10`, `µi2p10`, `µi1p11`, `µi2p11`) VALUES
(109, '2020000252', 'kurnia ningsih', '', '', '', '', '', '', '', '', '', '2020000252', '0.5', '0.5', '0.4982430239257', '0.5017569760743', '0.49349543098452', '0.50650456901548', '0.48201056549253', '0.51798943450747', '0.46007933469546', '0.53992066530454', '0.41983198394271', '0.58016801605729', '0.34689824477851', '0.65310175522149', '0.22506650819655', '0.77493349180345', '0.080732035489332', '0.91926796451067', '0.0080456519757044', '0.9919543480243', '6.9592426100395E-5', '0.9999304075739', '5.1301044651962E-9', '0.9999999948699'),
(110, '2020000010', 'KURNIA SEPTINA AUDY', '', '', '', '', '', '', '', '', '', '2020000010', '0.5', '0.5', '0.52167617513766', '0.47832382486234', '0.57288088239442', '0.42711911760558', '0.6800972099562', '0.3199027900438', '0.84619144840797', '0.15380855159203', '0.97329403359784', '0.026705966402163', '0.99936067889648', '0.00063932110352155', '0.99999965171135', '3.4828864938253E-7', '0.9999999999999', '1.0193153658619E-13', '1', '8.5747737244546E-27', '1', '5.9975751672273E-53', '1', '2.9276802859619E-105'),
(111, '2020000013', 'LAILATUL MAGHFIROH', '', '', '', '', '', '', '', '', '', '2020000013', '0.7', '0.3', '0.83749552736456', '0.16250447263544', '0.96019791456533', '0.039802085434669', '0.99799027526999', '0.0020097247300082', '0.99999512709654', '4.8729034620763E-6', '0.99999999997246', '2.7535488042322E-11', '1', '8.3194282983285E-22', '1', '7.3947667104077E-43', '1', '5.8097420995428E-85', '1', '3.5917310153132E-169', '1', '0', '1', '0'),
(112, '2020000123', 'LIA RAMADANI SAFITRI', '', '', '', '', '', '', '', '', '', '2020000123', '0.5', '0.5', '0.5338744419393', '0.4661255580607', '0.61390791166699', '0.38609208833301', '0.76863603023661', '0.23136396976339', '0.9379877239172', '0.062012276082805', '0.99672785784213', '0.0032721421578679', '0.99999145355813', '8.5464418662171E-6', '0.99999999994096', '5.9035774106944E-11', '1', '2.797235853691E-21', '1', '6.1756289195713E-42', '1', '2.9757457296578E-83', '1', '6.894027594654E-166'),
(113, '2020000226', 'LILI RATNA DILLA', '', '', '', '', '', '', '', '', '', '2020000226', '0.3', '0.7', '0.17115302833556', '0.82884697166444', '0.050348188712397', '0.9496518112876', '0.0040609244279032', '0.9959390755721', '2.5708183763915E-5', '0.99997429181624', '9.411266111529E-10', '0.99999999905887', '1.1017844705036E-18', '1', '1.4132950811558E-36', '1', '2.293567323646E-72', '1', '6.063939396069E-144', '1', '4.2600887143269E-287', '1', '0', '1'),
(114, '2020000098', 'LINDA PARISKA', '', '', '', '', '', '', '', '', '', '2020000098', '0.9', '0.1', '0.98816426767754', '0.011835732322463', '0.99986538813232', '0.00013461186768369', '0.99999998382352', '1.6176481818838E-8', '1', '2.2816675466241E-16', '1', '4.6535524440168E-32', '1', '2.0169853938984E-63', '1', '3.8581084696755E-126', '1', '1.41305952475E-251', '1', '0', '1', '0', '1', '0'),
(115, '2020000107', 'LOLA DWI SYLVIA', '', '', '', '', '', '', '', '', '', '2020000107', '0.6', '0.4', '0.68022172349116', '0.31977827650884', '0.80361714595875', '0.19638285404125', '0.93406129112724', '0.065938708872762', '0.99402236948513', '0.0059776305148723', '0.99995828639099', '4.1713609004998E-5', '0.99999999812682', '1.873181765893E-9', '1', '3.6311704060371E-18', '1', '1.3430555210436E-35', '1', '1.8231742541495E-70', '1', '3.3478691775845E-140', '1', '1.128231656188E-279'),
(116, '2020000211', 'M.ARDI WINATA', '', '', '', '', '', '', '', '', '', '2020000211', '0.8', '0.2', '0.94038785326918', '0.059612146730817', '0.99577609049937', '0.0042239095006322', '0.99997983266547', '2.0167334531206E-5', '0.99999999952843', '4.7157003242527E-10', '1', '2.5171152081431E-19', '1', '6.8769290380427E-38', '1', '5.0635137036382E-75', '1', '2.7626243431583E-149', '1', '8.3306371102062E-298', '1', '0', '1', '0'),
(117, '2020000183', 'MAHIRA DOYO SALSABILA', '', '', '', '', '', '', '', '', '', '2020000183', '0.7', '0.3', '0.84026885396903', '0.15973114603097', '0.96274823044765', '0.037251769552349', '0.99831548660838', '0.0016845133916181', '0.99999673688032', '3.2631196776822E-6', '0.9999999999882', '1.1797407554915E-11', '1', '1.4635843640797E-22', '1', '2.18784478135E-44', '1', '4.8349683692463E-88', '1', '2.3496120024286E-175', '1', '0', '1', '0'),
(118, '2020000126', 'MASNIAR SIRAIT', '', '', '', '', '', '', '', '', '', '2020000126', '0.2', '0.8', '0.055926250781247', '0.94407374921875', '0.003249432756697', '0.9967505672433', '9.5728870314526E-6', '0.99999042711297', '8.2439603776323E-11', '0.99999999991756', '6.2897718461821E-21', '1', '3.8173934974157E-41', '1', '1.4481824609896E-81', '1', '2.1224746758823E-162', '1', '4.9406564584125E-324', '1', '0', '1', '0', '1'),
(119, '2020000256', 'MAY SAROH', '', '', '', '', '', '', '', '', '', '2020000256', '0.5', '0.5', '0.47480821926637', '0.52519178073363', '0.41293453158897', '0.58706546841103', '0.28333601884329', '0.71666398115671', '0.10963765333058', '0.89036234666942', '0.012489898334692', '0.98751010166531', '0.00014558531207367', '0.99985441468793', '2.04130883086E-8', '0.99999997958691', '4.13189366281E-16', '1', '1.7265082018817E-31', '1', '3.0470644804744E-62', '1', '9.5100161351196E-124', '1'),
(120, '2020000228', 'Meicael benset alexander', '', '', '', '', '', '', '', '', '', '2020000228', '0.4', '0.6', '0.27865652987392', '0.72134347012608', '0.10605094912278', '0.89394905087722', '0.0096913446700378', '0.99030865532996', '6.3744998950343E-5', '0.99993625500105', '2.9533592622081E-9', '0.99999999704664', '7.2428621616807E-18', '1', '4.6854729825236E-35', '1', '2.0136876970444E-69', '1', '3.7586238506952E-138', '1', '1.3148612962274E-275', '1', '0', '1'),
(121, '2020000106', 'MELAWATI', '', '', '', '', '', '', '', '', '', '2020000106', '0.4', '0.6', '0.32431129706847', '0.67568870293153', '0.21424684365319', '0.78575315634681', '0.092153798993045', '0.90784620100696', '0.014555231591483', '0.98544476840852', '0.00028515950541083', '0.99971484049459', '9.2584041708443E-8', '0.99999990741596', '9.0584589567335E-15', '0.99999999999999', '8.4568883037295E-29', '1', '7.3040967370805E-57', '1', '5.4323101040234E-113', '1', '3.0041245942504E-225', '1'),
(122, '2020000134', 'Meri Lusiana Saragi', '', '', '', '', '', '', '', '', '', '2020000134', '0.8', '0.2', '0.94173944927992', '0.058260550720077', '0.99638623721002', '0.0036137627899829', '0.9999883339952', '1.1666004800799E-5', '0.99999999988288', '1.1712403294822E-10', '1', '1.2233961400868E-20', '1', '1.4138583726424E-40', '1', '1.9389930540684E-80', '1', '3.6592623522403E-160', '1', '1.2981080778833E-319', '1', '0', '1', '0'),
(123, '2020000024', 'METHA PUTRI YELI', '', '', '', '', '', '', '', '', '', '2020000024', '0.4', '0.6', '0.30034974094841', '0.69965025905159', '0.14844980196878', '0.85155019803122', '0.027095449912811', '0.97290455008719', '0.00070641055622997', '0.99929358944377', '4.673524417297E-7', '0.99999953264756', '2.1229206903092E-13', '0.99999999999979', '4.4912083241226E-26', '1', '2.0374354797353E-51', '1', '4.2326978892798E-102', '1', '1.8363117527198E-203', '1', '0', '1'),
(124, '2020000142', 'MIRANDA HASIBUAN', '', '', '', '', '', '', '', '', '', '2020000142', '0.8', '0.2', '0.92825394244661', '0.071746057553388', '0.9919387150648', '0.0080612849351986', '0.99989623317779', '0.0001037668222101', '0.99999998239198', '1.760802213837E-8', '1', '4.5910513410495E-16', '1', '2.6917524578282E-31', '1', '8.504748626997E-62', '1', '8.1976636776335E-123', '1', '7.4840554507967E-245', '1', '0', '1', '0'),
(125, '2020000100', 'MONA SETYA LESTARI', '', '', '', '', '', '', '', '', '', '2020000100', '0.8', '0.2', '0.94079039354445', '0.059209606455549', '0.99627882299965', '0.0037211770003485', '0.99998811320965', '1.188679035093E-5', '0.99999999988382', '1.1617515601941E-10', '1', '1.1894380921853E-20', '1', '1.3817446047101E-40', '1', '1.9694296471891E-80', '1', '4.0764069302742E-160', '1', '1.7596147976636E-319', '1', '0', '1', '0'),
(126, '2020000035', 'Muhammad Arif Faqih', '', '', '', '', '', '', '', '', '', '2020000035', '0.7', '0.3', '0.84971354761746', '0.15028645238254', '0.97041945388069', '0.029580546119314', '0.99907752061004', '0.00092247938995999', '0.99999915642186', '8.4357814371368E-7', '0.99999999999931', '6.8578252865808E-13', '1', '4.3499993258117E-25', '1', '1.6923793107362E-49', '1', '2.500940726494E-98', '1', '5.348759022635E-196', '1', '0', '1', '0'),
(127, '2020000055', 'MUHAMMAD DZAKI AIMAN', '', '', '', '', '', '', '', '', '', '2020000055', '0.1', '0.9', '0.012267544024372', '0.98773245597563', '0.00015294316459257', '0.99984705683541', '2.2691358635972E-8', '0.99999997730864', '4.9915381369867E-16', '1', '2.4724629245818E-31', '1', '6.2838906398229E-62', '1', '4.165998440288E-123', '1', '1.8619471284929E-245', '1', '0', '1', '0', '1', '0', '1'),
(128, '2020000222', 'MUHAMMAD HAIKAL SAPUTRA', '', '', '', '', '', '', '', '', '', '2020000222', '0.4', '0.6', '0.31153842055218', '0.68846157944782', '0.17427470910601', '0.82572529089399', '0.044704396474253', '0.95529560352575', '0.0022978785351711', '0.99770212146483', '5.4767246050164E-6', '0.99999452327539', '3.0183355404906E-11', '0.99999999996982', '9.0097305439296E-22', '1', '7.9440690252598E-43', '1', '6.125733690373E-85', '1', '3.6254186577157E-169', '1', '0', '1'),
(129, '2020000138', 'Muhammad kaza Syahputra', '', '', '', '', '', '', '', '', '', '2020000138', '0.9', '0.1', '0.9881728072537', '0.011827192746299', '0.99985541059273', '0.00014458940727214', '0.99999997756419', '2.24358121113E-8', '1', '5.4736670481683E-16', '1', '3.1046877363705E-31', '1', '9.2222831565521E-62', '1', '7.7085757206117E-123', '1', '5.230675028807E-245', '1', '0', '1', '0', '1', '0'),
(130, '2020000040', 'MUHAMMAD NAUFAL ALWAFI', '', '', '', '', '', '', '', '', '', '2020000040', '0.5', '0.5', '0.49056372696105', '0.50943627303895', '0.4754309412819', '0.5245690587181', '0.45081953332141', '0.54918046667859', '0.40053568246704', '0.59946431753296', '0.29866125305157', '0.70133874694843', '0.14159404631161', '0.85840595368839', '0.023311369083283', '0.97668863091672', '0.00048626980156609', '0.99951373019843', '1.9728607114783E-7', '0.99999980271393', '3.1985678432667E-14', '0.99999999999997', '8.3854467124104E-28', '1'),
(131, '2020000068', 'MUHAMMAD RYAN TRIANTOMO', '', '', '', '', '', '', '', '', '', '2020000068', '0.3', '0.7', '0.159092119036', '0.840907880964', '0.037002350082604', '0.9629976499174', '0.0016871896803392', '0.99831281031966', '3.315589126889E-6', '0.99999668441087', '1.2115856666746E-11', '0.99999999998788', '1.5030643204339E-22', '1', '2.2129803795419E-44', '1', '4.6939506297006E-88', '1', '2.0815521814585E-175', '1', '0', '1', '0', '1'),
(132, '2020000018', 'MUHAMMAD YUSUF', '', '', '', '', '', '', '', '', '', '2020000018', '0.8', '0.2', '0.94720265557384', '0.052797344426156', '0.99727245093931', '0.0027275490606871', '0.99999353553137', '6.4644686325262E-6', '0.99999999996404', '3.5957561432046E-11', '1', '1.122685796451E-21', '1', '1.109080303111E-42', '1', '1.089252969635E-84', '1', '1.052304621757E-168', '1', '0', '1', '0', '1', '0'),
(133, '2020000017', 'MUHAMMAD ZIDANE PRATAMA', '', '', '', '', '', '', '', '', '', '2020000017', '0.6', '0.4', '0.68458458381064', '0.31541541618936', '0.81330145824106', '0.18669854175894', '0.94275245003146', '0.057247549968536', '0.99564965886551', '0.0043503411344881', '0.99997813964282', '2.1860357184964E-5', '0.99999999948176', '5.182430746151E-10', '1', '2.8407062463138E-19', '1', '8.5064208478996E-38', '1', '7.6570332912944E-75', '1', '6.2264264725706E-149', '1', '4.1204738983255E-297'),
(134, '2020000050', 'MUSRI FATHUL AENI', '', '', '', '', '', '', '', '', '', '2020000050', '0.8', '0.2', '0.94011485726927', '0.059885142730727', '0.99573912001561', '0.0042608799843858', '0.99997967291191', '2.0327088090393E-5', '0.99999999953578', '4.642211112969E-10', '1', '2.326856002669E-19', '1', '5.4957484544496E-38', '1', '2.9470669782853E-75', '1', '8.3056794418982E-150', '1', '6.5085608752092E-299', '1', '0', '1', '0'),
(135, '2020000056', 'MUTIA FARADIBA', '', '', '', '', '', '', '', '', '', '2020000056', '0.8', '0.2', '0.93518416742351', '0.064815832576488', '0.99489764108515', '0.0051023589148535', '0.99997346347737', '2.6536522625538E-5', '0.99999999930529', '6.9471368687276E-10', '1', '4.9807783408672E-19', '1', '2.7305376970358E-37', '1', '8.4937326023061E-74', '1', '8.3203399685166E-147', '1', '8.0332835766923E-293', '1', '0', '1', '0'),
(136, '2020000236', 'NABILA REZA AGUSTINA', '', '', '', '', '', '', '', '', '', '2020000236', '0.5', '0.5', '0.56993011766387', '0.43006988233613', '0.71094959408211', '0.28905040591789', '0.90196266303261', '0.098037336967391', '0.99215213372501', '0.007847866274985', '0.99995379494032', '4.6205059682546E-5', '0.99999999822024', '1.7797639735024E-9', '1', '2.8735778627207E-18', '1', '7.9306661149457E-36', '1', '6.3309600639922E-71', '1', '4.1502825930375E-141', '1', '1.7933425863349E-281'),
(137, '2020000262', 'Nabila Yulianda', '', '', '', '', '', '', '', '', '', '2020000262', '0.6', '0.4', '0.69076450378932', '0.30923549621068', '0.82769829291212', '0.17230170708788', '0.95498075274137', '0.045019247258632', '0.99751458289689', '0.0024854171031082', '0.99999313249001', '6.8675099878887E-6', '0.9999999999492', '5.0801262802009E-11', '1', '2.766853856985E-21', '1', '8.293472767181E-42', '1', '7.5670356216211E-83', '1', '6.3654821136332E-165', '1', '0'),
(138, '2020000238', 'NADIA APRILLIA', '', '', '', '', '', '', '', '', '', '2020000238', '0.5', '0.5', '0.36620698518511', '0.63379301481489', '0.13100557778971', '0.86899442221029', '0.0068196270376207', '0.99318037296238', '1.2223562104647E-5', '0.9999877764379', '4.9246405224373E-11', '0.99999999995075', '1.1082090581572E-21', '1', '6.3982916582547E-43', '1', '2.1443450116877E-85', '1', '2.3256129543344E-170', '1', '0', '1', '0', '1'),
(139, '2020000257', 'NADIA PRATIWI', '', '', '', '', '', '', '', '', '', '2020000257', '0.6', '0.4', '0.71111732969489', '0.28888267030511', '0.87401862573123', '0.12598137426877', '0.9833488620502', '0.016651137949799', '0.99977185648885', '0.00022814351114775', '0.99999995682273', '4.3177273402029E-8', '1', '1.6482062397145E-15', '1', '2.4845286891178E-30', '1', '5.7066479575989E-60', '1', '3.018314303972E-119', '1', '8.4476928364637E-238', '1', '0'),
(140, '2020000135', 'nadiah salma', '', '', '', '', '', '', '', '', '', '2020000135', '0.4', '0.6', '0.2786219691217', '0.7213780308783', '0.11083738532157', '0.88916261467843', '0.01207993776771', '0.98792006223229', '0.00011694055282482', '0.99988305944718', '1.1232732647196E-8', '0.99999998876727', '1.1138579459058E-16', '1', '1.149805656814E-32', '1', '1.2598845112943E-64', '1', '1.5430294424885E-128', '1', '2.3410414458336E-256', '1', '0', '1'),
(141, '2020000259', 'NADIFA DWI PRAMADITA', '', '', '', '', '', '', '', '', '', '2020000259', '0.2', '0.8', '0.046953746253891', '0.95304625374611', '0.0016890489479258', '0.99831095105207', '1.6560347501016E-6', '0.99999834396525', '1.4941705018715E-12', '0.99999999999851', '1.3755542250895E-24', '1', '1.3980231833067E-48', '1', '1.5904741864172E-96', '1', '2.1289742822563E-192', '1', '0', '1', '0', '1', '0', '1'),
(142, '2020000028', 'NADILA BULAN TARI', '', '', '', '', '', '', '', '', '', '2020000028', '0.2', '0.8', '0.051935455881624', '0.94806454411838', '0.0024100403880843', '0.99758995961192', '4.1487782856644E-6', '0.99999585122171', '1.1900865231849E-11', '0.9999999999881', '1.0734749159886E-22', '1', '1.0130267231115E-44', '1', '9.9362989578554E-89', '1', '1.0045034278929E-176', '1', '0', '1', '0', '1', '0', '1'),
(143, '2020000091', 'NALVIA KRISTIANI', '', '', '', '', '', '', '', '', '', '2020000091', '0.5', '0.5', '0.51637851025478', '0.48362148974522', '0.5649377965902', '0.4350622034098', '0.67929601280125', '0.32070398719875', '0.85480473209811', '0.14519526790189', '0.97741367443143', '0.022586325568572', '0.99953580150821', '0.00046419849178716', '0.99999980517228', '1.9482771638258E-7', '0.99999999999997', '3.4446009545334E-14', '1', '1.0697195729039E-27', '1', '1.0257475807334E-54', '1', '9.4194602536205E-109'),
(144, '2020000014', 'NASWA AMANI FATIHAH', '', '', '', '', '', '', '', '', '', '2020000014', '0.5', '0.5', '0.51863064434117', '0.48136935565883', '0.57290437957592', '0.42709562042408', '0.69756661086547', '0.30243338913453', '0.87797718278739', '0.12202281721261', '0.98530457767268', '0.014695422327325', '0.99981448723387', '0.00018551276613191', '0.99999997041513', '2.9584869287496E-8', '1', '7.4819080201402E-16', '1', '4.7044358107565E-31', '1', '1.8373967194613E-61', '1', '2.7958536933618E-122'),
(145, '2020000154', 'Naya Rani Anjani', '', '', '', '', '', '', '', '', '', '2020000154', '0.7', '0.3', '0.84296641911411', '0.15703358088589', '0.96555861214421', '0.034441387855785', '0.99866651137956', '0.001333488620443', '0.99999813196842', '1.8680315800167E-6', '0.99999999999643', '3.5726773666312E-12', '1', '1.2630355682012E-23', '1', '1.5382048422218E-46', '1', '2.2419342529278E-92', '1', '4.6942146050381E-184', '1', '0', '1', '0'),
(146, '2020000027', 'Naya Rani Anjani', '', '', '', '', '', '', '', '', '', '2020000027', '0.7', '0.3', '0.83966049349109', '0.16033950650891', '0.96215073469293', '0.037849265307072', '0.99823822087256', '0.0017617791274435', '0.99999640533343', '3.5946665708691E-6', '0.99999999998572', '1.4279264230027E-11', '1', '2.1071328698186E-22', '1', '4.3945333745548E-44', '1', '1.8689682856963E-87', '1', '3.3295182781307E-174', '1', '0', '1', '0'),
(147, '2020000104', 'NAZWA FITRIA UTAMI', '', '', '', '', '', '', '', '', '', '2020000104', '0.6', '0.4', '0.67870882297258', '0.32129117702742', '0.80101297545238', '0.19898702454762', '0.93226995354097', '0.067730046459035', '0.99376381384102', '0.006236186158983', '0.99995541675361', '4.4583246386345E-5', '0.99999999791282', '2.0871766585876E-9', '1', '4.3491858919643E-18', '1', '1.8364283779782E-35', '1', '3.2100334806556E-70', '1', '9.7008102870464E-140', '1', '8.8414704192718E-279'),
(148, '2020000043', 'NIKEN SHANDRIA ANANTA', '', '', '', '', '', '', '', '', '', '2020000043', '0.9', '0.1', '0.98799938533655', '0.012000614663452', '0.99985262144013', '0.00014737855986936', '0.99999997776618', '2.2233817942013E-8', '1', '5.060227844579E-16', '1', '2.5551800079619E-31', '1', '6.2660734390714E-62', '1', '3.6602690979354E-123', '1', '1.2256654060963E-245', '1', '0', '1', '0', '1', '0'),
(149, '2020000214', 'NISHA HARIYANTI', '', '', '', '', '', '', '', '', '', '2020000214', '0.4', '0.6', '0.30784398597385', '0.69215601402615', '0.16086276257026', '0.83913723742974', '0.032807306092408', '0.96719269390759', '0.0010545243156945', '0.99894547568431', '1.067699994517E-6', '0.99999893230001', '1.17056917548E-12', '0.99999999999883', '1.4781902129786E-24', '1', '2.4275435317498E-48', '1', '6.6957929302821E-96', '1', '5.1589823411682E-191', '1', '0', '1'),
(150, '2020000021', 'NOVI AULIA ARDANA', '', '', '', '', '', '', '', '', '', '2020000021', '0.6', '0.4', '0.65445165500047', '0.34554834499953', '0.73325231432627', '0.26674768567373', '0.83351319381692', '0.16648680618308', '0.9397013219945', '0.060298678005504', '0.99389244001775', '0.0061075599822548', '0.99994968528493', '5.0314715066958E-5', '0.99999999677621', '3.2237906412702E-9', '1', '1.3249033011733E-17', '1', '2.2761885875652E-34', '1', '6.8044369552742E-68', '1', '6.0970124350094E-135'),
(151, '2020000160', 'NOVIKA FITRI AFRIYANI', '', '', '', '', '', '', '', '', '', '2020000160', '0.7', '0.3', '0.84819967449023', '0.15180032550977', '0.97085234173196', '0.02914765826804', '0.99919921142509', '0.00080078857491469', '0.99999945422615', '5.4577385237264E-7', '0.99999999999975', '2.5391782650476E-13', '1', '5.5643908817746E-26', '1', '2.6312652047326E-51', '1', '5.701211536063E-102', '1', '2.5813329175827E-203', '1', '0', '1', '0'),
(152, '2020000200', 'NOVITA SARI', '', '', '', '', '', '', '', '', '', '2020000200', '0.7', '0.3', '0.83937927930536', '0.16062072069464', '0.96405625669076', '0.03594374330924', '0.99863446954391', '0.0013655304560931', '0.99999819475748', '1.8052425184196E-6', '0.99999999999679', '3.2051587549406E-12', '1', '1.0411995423787E-23', '1', '1.1127093427061E-46', '1', '1.2706719332068E-92', '1', '1.6508226053257E-184', '1', '0', '1', '0'),
(153, '2020000167', 'NUKHAN JAZULI', '', '', '', '', '', '', '', '', '', '2020000167', '0.9', '0.1', '0.98775463529773', '0.012245364702274', '0.99984655160138', '0.00015344839862424', '0.99999997665789', '2.3342107714681E-8', '1', '5.3348694043261E-16', '1', '2.7714150236531E-31', '1', '7.4376819193467E-62', '1', '5.3027665411482E-123', '1', '2.6632646526061E-245', '1', '0', '1', '0', '1', '0'),
(154, '2020000223', 'NUNUR AGUSTIN', '', '', '', '', '', '', '', '', '', '2020000223', '0.4', '0.6', '0.33148144561657', '0.66851855438343', '0.22286922572033', '0.77713077427967', '0.093141986792562', '0.90685801320744', '0.013233989189821', '0.98676601081018', '0.00021835556028854', '0.99978164443971', '5.4066658011962E-8', '0.99999994593334', '3.1851059318231E-15', '1', '1.0870276050791E-29', '1', '1.255362426151E-58', '1', '1.6672015043941E-116', '1', '2.9383166950602E-232', '1'),
(155, '2020000254', 'NUR ANNISA', '', '', '', '', '', '', '', '', '', '2020000254', '0.4', '0.6', '0.44984616007022', '0.55015383992978', '0.58473318106789', '0.41526681893211', '0.83091068160889', '0.16908931839111', '0.98397286582864', '0.016027134171361', '0.99988377938185', '0.00011622061815316', '0.99999999292785', '7.0721492215618E-9', '1', '2.9397112566284E-17', '1', '5.3757612716159E-34', '1', '1.8510077603215E-67', '1', '2.2274104873541E-134', '1', '3.2336196819633E-268'),
(156, '2020000230', 'NUR ASIAH', '', '', '', '', '', '', '', '', '', '2020000230', '0.4', '0.6', '0.33443123506943', '0.66556876493057', '0.22966262806647', '0.77033737193353', '0.10073986243042', '0.89926013756958', '0.015912325506702', '0.9840876744933', '0.00032454712806255', '0.99967545287194', '1.2343612861453E-7', '0.99999987656387', '1.7304053651582E-14', '0.99999999999998', '3.36876112407E-28', '1', '1.2749825622622E-55', '1', '1.8264150719836E-110', '1', '3.7480583114967E-220', '1'),
(157, '2020000218', 'NUR AZIZAH', '', '', '', '', '', '', '', '', '', '2020000218', '0.7', '0.3', '0.79802281827282', '0.20197718172718', '0.9104545702348', '0.089545429765202', '0.98263017217617', '0.017369827823834', '0.99939188626707', '0.00060811373293471', '0.99999934312009', '6.5687990612028E-7', '0.99999999999933', '6.6869598734308E-13', '1', '6.5535928278422E-25', '1', '6.2814292259391E-49', '1', '5.8633510313098E-97', '1', '5.1682792591474E-193', '1', '0'),
(158, '2020000149', 'Nur Fadyah', '', '', '', '', '', '', '', '', '', '2020000149', '0.2', '0.8', '0.055892601811733', '0.94410739818827', '0.0033976842894018', '0.9966023157106', '1.1744047304071E-5', '0.9999882559527', '1.4440184651798E-10', '0.9999999998556', '2.1744489373545E-20', '1', '4.874064081326E-40', '1', '2.4740944017912E-79', '1', '6.5232601401047E-158', '1', '4.6547161437455E-315', '1', '0', '1', '0', '1'),
(159, '2020000170', 'NUR FITRI AYU NANDINI', '', '', '', '', '', '', '', '', '', '2020000170', '0.4', '0.6', '0.30828839883362', '0.69171160116638', '0.1667980078585', '0.8332019921415', '0.039078251332802', '0.9609217486672', '0.0016917357687926', '0.99830826423121', '2.9542295334424E-6', '0.99999704577047', '9.0122257904781E-12', '0.99999999999099', '8.4510946534944E-23', '1', '7.5009970475321E-45', '1', '5.9673954092868E-89', '1', '3.7998551409755E-177', '1', '0', '1'),
(160, '2020000227', 'NURAINI', '', '', '', '', '', '', '', '', '', '2020000227', '0.8', '0.2', '0.94362026799401', '0.056379732005989', '0.99669325483948', '0.0033067451605183', '0.99999019803828', '9.8019617209344E-6', '0.99999999991592', '8.4077312309956E-11', '1', '6.3279737826285E-21', '1', '3.7181516468186E-41', '1', '1.3063104031101E-81', '1', '1.6176291455225E-162', '1', '4.9406564584125E-324', '1', '0', '1', '0'),
(161, '2020000235', 'NURIKA NIKMA ZURIYATI', '', '', '', '', '', '', '', '', '', '2020000235', '0.3', '0.7', '0.15706340331088', '0.84293659668912', '0.033286343241611', '0.96671365675839', '0.0011346557363124', '0.99886534426369', '1.2287906296218E-6', '0.99999877120937', '1.4814850817805E-12', '0.99999999999852', '2.2563092403122E-24', '1', '5.4024098762823E-48', '1', '3.1531078568226E-95', '1', '1.0885292395506E-189', '1', '0', '1', '0', '1'),
(162, '2020000061', 'NURSAMSY FEBI ARDIYAN', '', '', '', '', '', '', '', '', '', '2020000061', '0.6', '0.4', '0.68746889647676', '0.31253110352324', '0.82406585401549', '0.17593414598451', '0.95435173080548', '0.045648269194524', '0.99761866453484', '0.0023813354651605', '0.99999418385831', '5.8161416896487E-6', '0.99999999996654', '3.3455333027025E-11', '1', '1.078272522829E-21', '1', '1.0983993907101E-42', '1', '1.1205969715265E-84', '1', '1.1546448281498E-168', '1', '0'),
(163, '2020000112', 'NURUL HASANA', '', '', '', '', '', '', '', '', '', '2020000112', '0.2', '0.8', '0.056844505407343', '0.94315549459266', '0.0033604288845876', '0.99663957111541', '9.9640950219059E-6', '0.99999003590498', '8.6080300867544E-11', '0.99999999991392', '6.727858341273E-21', '1', '4.4164054401411E-41', '1', '1.9960609403975E-81', '1', '4.1843658988854E-162', '1', '1.976262583365E-323', '1', '0', '1', '0', '1'),
(164, '2020000034', 'Puja Fadilah', '', '', '', '', '', '', '', '', '', '2020000034', '0.7', '0.3', '0.83681149867109', '0.16318850132891', '0.95992963816336', '0.040070361836644', '0.99799263049465', '0.002007369505352', '0.99999528027032', '4.7197296758057E-6', '0.99999999997499', '2.5005640957049E-11', '1', '6.6227545003056E-22', '1', '4.4789104096929E-43', '1', '2.010891463565E-85', '1', '4.0046129077234E-170', '1', '0', '1', '0'),
(165, '2020000108', 'PUNTO DEWO SUGIANTO', '', '', '', '', '', '', '', '', '', '2020000108', '0.9', '0.1', '0.98876187482543', '0.011238125174566', '0.99989042417451', '0.00010957582549115', '0.99999999100867', '8.9913340207639E-9', '1', '5.740945803297E-17', '1', '2.5017481277981E-33', '1', '5.2967162258084E-66', '1', '2.5018710814522E-131', '1', '5.6363727496073E-262', '1', '0', '1', '0', '1', '0'),
(166, '2020000201', 'PURNA ABDI WIJAYA', '', '', '', '', '', '', '', '', '', '2020000201', '0.3', '0.7', '0.16636274555717', '0.83363725444283', '0.043215323338959', '0.95678467666104', '0.0024650004856725', '0.99753499951433', '7.5460319576679E-6', '0.99999245396804', '6.7456246872123E-11', '0.99999999993254', '5.0542313530315E-21', '1', '2.7381161235482E-41', '1', '7.9284482445317E-82', '1', '6.6097106896265E-163', '1', '0', '1', '0', '1'),
(167, '2020000266', 'PUTRI AGATA ARTAWATI MANURUNG', '', '', '', '', '', '', '', '', '', '2020000266', '0.4', '0.6', '0.27990394808507', '0.72009605191493', '0.10762650392104', '0.89237349607896', '0.010009986523319', '0.98999001347668', '6.7337329373896E-5', '0.99993266267063', '3.2420073296501E-9', '0.99999999675799', '8.5040160081098E-18', '1', '6.211019646683E-35', '1', '3.3577735942128E-69', '1', '9.790133246348E-138', '1', '8.2905354059243E-275', '1', '0', '1'),
(168, '2020000011', 'PUTRI AULIA FEBRIANTI', '', '', '', '', '', '', '', '', '', '2020000011', '0.5', '0.5', '0.50339156070226', '0.49660843929774', '0.52422588624748', '0.47577411375252', '0.58500860184921', '0.41499139815079', '0.70947294015491', '0.29052705984509', '0.87792562350239', '0.12207437649761', '0.98360151213696', '0.016398487863036', '0.9997606703081', '0.00023932969190076', '0.99999995198849', '4.8011513056434E-8', '1', '1.8640431075763E-15', '1', '2.7459196871787E-30', '1', '5.9318442954697E-60'),
(169, '2020000212', 'PUTRI HINDRI YANI', '', '', '', '', '', '', '', '', '', '2020000212', '0.1', '0.9', '0.0088797504597573', '0.99112024954024', '5.2277519388942E-5', '0.99994772248061', '1.4956852925255E-9', '0.99999999850431', '1.148794353709E-18', '1', '7.4386873603095E-37', '1', '3.5705606947687E-73', '1', '8.6986292065912E-146', '1', '5.1737099468595E-291', '1', '0', '1', '0', '1', '0', '1'),
(170, '2020000219', 'PUTRI RAMADHANI WIBOWO', '', '', '', '', '', '', '', '', '', '2020000219', '1', '0', '1', '0', '1', '0', '1', '0', '1', '0', '1', '0', '1', '0', '1', '0', '1', '0', '1', '0', '1', '0', '1', '0'),
(171, '2020000115', 'PUTRI SILVIA', '', '', '', '', '', '', '', '', '', '2020000115', '0.9', '0.1', '0.98865106102682', '0.011348938973181', '0.9998883087937', '0.00011169120630253', '0.99999999081954', '9.1804555966585E-9', '1', '5.835535994045E-17', '1', '2.5442488814963E-33', '1', '5.4736748997852E-66', '1', '2.687894209806E-131', '1', '6.5499369902967E-262', '1', '0', '1', '0', '1', '0'),
(172, '2020000253', 'PUTRI WIDANI', '', '', '', '', '', '', '', '', '', '2020000253', '0.3', '0.7', '0.18328413343396', '0.81671586656604', '0.066331775342623', '0.93366822465738', '0.0087651225030342', '0.99123487749697', '0.00015082611423984', '0.99984917388576', '3.9565554941092E-8', '0.99999996043445', '2.2682307293162E-15', '1', '6.8290570506565E-30', '1', '6.1054433726328E-59', '1', '4.9382076714112E-117', '1', '3.2656372232522E-233', '1', '0', '1'),
(173, '2020000015', 'Rafido Fransiscus Sirait', '', '', '', '', '', '', '', '', '', '2020000015', '0.3', '0.7', '0.16518300113785', '0.83481699886215', '0.042629561760542', '0.95737043823946', '0.0024454439742095', '0.99755455602579', '7.6400207068394E-6', '0.99999235997929', '7.040496177817E-11', '0.99999999992959', '5.5154153394807E-21', '1', '3.2407420498753E-41', '1', '1.1021173406069E-81', '1', '1.2677679714753E-162', '1', '0', '1', '0', '1'),
(174, '2020000187', 'RAFIFAH NAURA SALSABILA', '', '', '', '', '', '', '', '', '', '2020000187', '0.5', '0.5', '0.49410071707162', '0.50589928292838', '0.47663693935603', '0.52336306064397', '0.43344735430738', '0.56655264569262', '0.3486467327513', '0.6513532672487', '0.21186767720188', '0.78813232279812', '0.065857198042382', '0.93414280195762', '0.0049412252884361', '0.99505877471156', '2.4917784505547E-5', '0.99997508221549', '6.3194246316633E-10', '0.99999999936806', '4.0794345386184E-19', '1', '1.7010872087005E-37', '1'),
(175, '', 'RAFLI ALFARIZI', '', '', '', '', '', '', '', '', '', '', '0.7', '0.3', '0.84366425353312', '0.15633574646688', '0.96601479137757', '0.033985208622435', '0.9987039688606', '0.0012960311394033', '0.9999982058026', '1.7941973970835E-6', '0.99999999999659', '3.4111582045113E-12', '1', '1.218751909064E-23', '1', '1.5548560097611E-46', '1', '2.5479692429716E-92', '1', '6.9058437160459E-184', '1', '0', '1', '0'),
(176, '2020000059', 'RAHMA YUNI SARA', '', '', '', '', '', '', '', '', '', '2020000059', '0.5', '0.5', '0.54868377209773', '0.45131622790227', '0.67295549862898', '0.32704450137102', '0.8776579211068', '0.1223420788932', '0.98971344175907', '0.010286558240931', '0.99993748876851', '6.2511231488778E-5', '0.99999999737003', '2.6299700248069E-9', '1', '4.9686355368182E-18', '1', '1.7694882144421E-35', '1', '2.1867116876456E-70', '1', '3.2761973253485E-140', '1', '7.3259297477943E-280'),
(177, '2020000173', 'RAINA FADILA', '', '', '', '', '', '', '', '', '', '2020000173', '0.5', '0.5', '0.52588409022689', '0.47411590977311', '0.59044422876925', '0.40955577123075', '0.72531304089441', '0.27468695910559', '0.90206548878145', '0.097934511218553', '0.9908507357729', '0.009149264227097', '0.99992904679534', '7.0953204664049E-5', '0.99999999570489', '4.2951104510411E-9', '1', '1.570675202366E-17', '1', '2.0765683592423E-34', '1', '3.599717768953E-68', '1', '1.0799376182595E-135'),
(178, '2020000058', 'Rendy Helsa', '', '', '', '', '', '', '', '', '', '2020000058', '0.4', '0.6', '0.32419076701538', '0.67580923298462', '0.20520259413863', '0.79479740586137', '0.073360362433683', '0.92663963756632', '0.0076042203029364', '0.99239577969706', '7.0173889376362E-5', '0.99992982611062', '5.6557389615508E-9', '0.99999999434426', '3.6201715096096E-17', '1', '1.4889995579151E-33', '1', '2.5455119649652E-66', '1', '7.4938845032728E-132', '1', '6.5041878479866E-263', '1'),
(179, '2020000245', 'RIDWAN SEMBIRING', '', '', '', '', '', '', '', '', '', '2020000245', '0.4', '0.6', '0.30161909413599', '0.69838090586401', '0.15639416183748', '0.84360583816252', '0.034098966895183', '0.96590103310482', '0.001312729633911', '0.99868727036609', '1.8100582195494E-6', '0.99999818994178', '3.3809956425239E-12', '0.99999999999662', '1.1824184765346E-23', '1', '1.4658590690502E-46', '1', '2.2905494551273E-92', '1', '5.6540475551366E-184', '1', '0', '1'),
(180, '2020000174', 'Riko Setiawan', '', '', '', '', '', '', '', '', '', '2020000174', '0.7', '0.3', '0.85451222944632', '0.14548777055368', '0.97469628621139', '0.025303713788613', '0.99942844243238', '0.00057155756761922', '0.99999972181725', '2.7818274795116E-7', '0.99999999999993', '6.9763623483079E-14', '1', '4.7322741014716E-27', '1', '2.2930675252422E-53', '1', '5.5647296343022E-106', '1', '3.366223317607E-211', '1', '0', '1', '0'),
(181, '2020000144', 'RINDI ZAHARA', '', '', '', '', '', '', '', '', '', '2020000144', '0.2', '0.8', '0.064884208547582', '0.93511579145242', '0.0055028068218502', '0.99449719317815', '3.7077269055751E-5', '0.99996292273094', '1.6907223035659E-9', '0.99999999830928', '3.4038140539776E-18', '1', '1.3129920396545E-35', '1', '1.9011526970656E-70', '1', '3.9456242486337E-140', '1', '1.6931563945988E-279', '1', '0', '1', '0', '1'),
(182, '2020000179', 'RISKI PUTRA', '', '', '', '', '', '', '', '', '', '2020000179', '0.4', '0.6', '0.28077129632059', '0.71922870367941', '0.11973617920663', '0.88026382079337', '0.016597436501808', '0.98340256349819', '0.00026934418072947', '0.99973065581927', '6.9160326212112E-8', '0.99999993083967', '4.5959961590335E-15', '1', '2.0838313567556E-29', '1', '4.431489606908E-58', '1', '2.0739365432664E-115', '1', '4.6418596745115E-230', '1', '0', '1'),
(183, '2020000157', 'Risnaldi kurniawan', '', '', '', '', '', '', '', '', '', '2020000157', '0.4', '0.6', '0.30431341667967', '0.69568658332033', '0.15080432866036', '0.84919567133964', '0.026097850062239', '0.97390214993776', '0.00057763471703842', '0.99942236528296', '2.7676075683932E-7', '0.99999972323924', '6.7048043325157E-14', '0.99999999999993', '3.9887091401116E-27', '1', '1.3899479601049E-53', '1', '1.6458053099993E-106', '1', '2.2676405365088E-212', '1', '0', '1'),
(184, '2020000121', 'RYSCA TRI AULIA', '', '', '', '', '', '', '', '', '', '2020000121', '0.6', '0.4', '0.66831244751987', '0.33168755248013', '0.7715703549483', '0.2284296450517', '0.89471450406598', '0.10528549593402', '0.98106648236026', '0.018933517639735', '0.99951676356156', '0.00048323643844186', '0.99999972768576', '2.723142389564E-7', '0.99999999999992', '8.1518058848403E-14', '1', '7.1603451870198E-27', '1', '5.4868509513989E-53', '1', '3.2145697633976E-105', '1', '1.1030373460287E-209'),
(185, '2020000079', 'SABILLAH SATYA NUR RAMADHAN', '', '', '', '', '', '', '', '', '', '2020000079', '0', '1', '0', '1', '0', '1', '0', '1', '0', '1', '0', '1', '0', '1', '0', '1', '0', '1', '0', '1', '0', '1', '0', '1'),
(186, '2020000116', 'Salma Al Mardhiyyah', '', '', '', '', '', '', '', '', '', '2020000116', '0.6', '0.4', '0.69145801222191', '0.30854198777809', '0.82902011266817', '0.17097988733183', '0.95586101501399', '0.044138984986007', '0.99761024651819', '0.0023897534818132', '0.99999361144536', '6.3885546350349E-6', '0.99999999995556', '4.4444075622203E-11', '1', '2.1512997513246E-21', '1', '5.1181161776457E-42', '1', '2.9562979420026E-83', '1', '9.9972774190216E-166', '1', '0'),
(187, '2020000109', 'SALSABILA ANANTA', '', '', '', '', '', '', '', '', '', '2020000109', '0.3', '0.7', '0.14894850547206', '0.85105149452794', '0.026268994877456', '0.97373100512254', '0.00056952356224519', '0.99943047643775', '2.4061744004923E-7', '0.99999975938256', '4.5575464947807E-14', '0.99999999999995', '1.8023733810357E-27', '1', '2.9408964807162E-54', '1', '7.8489275842634E-108', '1', '5.5301640861798E-215', '1', '0', '1', '0', '1'),
(188, '2020000026', 'SALSABILA RAHMADANI', '', '', '', '', '', '', '', '', '', '2020000026', '0.7', '0.3', '0.83983445023523', '0.16016554976477', '0.96289732289458', '0.037102677105423', '0.99838059265803', '0.0016194073419721', '0.99999711011877', '2.8898812299553E-6', '0.99999999999105', '8.9502536035058E-12', '1', '8.2764205385151E-23', '1', '6.912521494612E-45', '1', '4.7618083955842E-89', '1', '2.2402210164331E-177', '1', '0', '1', '0'),
(189, '2020000010', 'SANDHIKA ALVABIMAYU', '', '', '', '', '', '', '', '', '', '2020000010', '0.5', '0.5', '0.52228577232144', '0.47771422767856', '0.58137241281662', '0.41862758718338', '0.70912300564283', '0.29087699435717', '0.88813602119127', '0.11186397880873', '0.98802833510425', '0.011971664895751', '0.99988291598837', '0.00011708401162698', '0.99999998902281', '1.0977186124328E-8', '1', '9.4228286624105E-17', '1', '6.7197540738532E-33', '1', '3.3452778926893E-65', '1', '8.2569553797812E-130'),
(190, '2020000013', 'SANDRINE DAVITA CARLEN', '', '', '', '', '', '', '', '', '', '2020000013', '0.2', '0.8', '0.055584421390553', '0.94441557860945', '0.0030383011427306', '0.99696169885727', '7.3817586380803E-6', '0.99999261824136', '4.1659791536118E-11', '0.99999999995834', '1.4112781958254E-21', '1', '1.7834755183296E-42', '1', '2.9938057988792E-84', '1', '8.558759248793E-168', '1', '0', '1', '0', '1', '0', '1'),
(191, '2020000030', 'SANI ADILA', '', '', '', '', '', '', '', '', '', '2020000030', '0.9', '0.1', '0.98878616315148', '0.011213836848518', '0.99988939558479', '0.00011060441521028', '0.99999999047528', '9.524722468446E-9', '1', '6.7630061332968E-17', '1', '3.5872947784191E-33', '1', '1.0979483980718E-65', '1', '1.0699500915173E-130', '1', '1.0219832836059E-260', '1', '0', '1', '0', '1', '0'),
(192, '2020000029', 'Sari Naya ndaha', '', '', '', '', '', '', '', '', '', '2020000029', '0.6', '0.4', '0.68033127869411', '0.31966872130589', '0.80352065996921', '0.19647934003079', '0.933663011373', '0.066336988626996', '0.99384785751995', '0.0061521424800519', '0.99995469898514', '4.530101486331E-5', '0.99999999770972', '2.2902756586794E-9', '1', '5.7080668260844E-18', '1', '3.5395171819623E-35', '1', '1.3694426824148E-69', '1', '2.0603576712357E-138', '1', '4.6689068867523E-276'),
(193, '2020000203', 'SELA APRIANI', '', '', '', '', '', '', '', '', '', '2020000203', '0.3', '0.7', '0.16237228150308', '0.83762771849692', '0.03913755914427', '0.96086244085573', '0.0018709096768938', '0.99812909032311', '3.9966439957281E-6', '0.999996003356', '1.7566664346229E-11', '0.99999999998243', '3.2344416935252E-22', '1', '1.0640849483973E-43', '1', '1.1336301507789E-86', '1', '1.2727644088938E-172', '1', '0', '1', '0', '1'),
(194, '2020000123', 'SELLA PUTRI PURWANTI', '', '', '', '', '', '', '', '', '', '2020000123', '0.3', '0.7', '0.15140370017172', '0.84859629982828', '0.030514445800671', '0.96948555419933', '0.0010015225944327', '0.99899847740557', '1.0524424909468E-6', '0.99999894755751', '1.1730594432987E-12', '0.99999999999883', '1.4772676318708E-24', '1', '2.4124881015332E-48', '1', '6.6646157259836E-96', '1', '5.2726119086337E-191', '1', '0', '1', '0', '1'),
(195, '2020000168', 'SELLY APRILIANI', '', '', '', '', '', '', '', '', '', '2020000168', '0', '1', '0', '1', '0', '1', '0', '1', '0', '1', '0', '1', '0', '1', '0', '1', '0', '1', '0', '1', '0', '1', '0', '1'),
(196, '2020000226', 'SELVI NABILA', '', '', '', '', '', '', '', '', '', '2020000226', '0', '1', '0', '1', '0', '1', '0', '1', '0', '1', '0', '1', '0', '1', '0', '1', '0', '1', '0', '1', '0', '1', '0', '1'),
(197, '', 'SELVI RAHMADANI', '', '', '', '', '', '', '', '', '', '', '1', '0', '1', '0', '1', '0', '1', '0', '1', '0', '1', '0', '1', '0', '1', '0', '1', '0', '1', '0', '1', '0', '1', '0'),
(198, '2002000098', 'SELVI SYABANIA', '', '', '', '', '', '', '', '', '', '2002000098', '0.5', '0.5', '0.503300043053', '0.496699956947', '0.52454380406965', '0.47545619593035', '0.58832671427493', '0.41167328572507', '0.714732673107', '0.285267326893', '0.88057711784426', '0.11942288215574', '0.98344538256349', '0.016554617436506', '0.99973272352935', '0.00026727647065238', '0.99999993258855', '6.7411452252749E-8', '1', '4.2428721790753E-15', '1', '1.6675389616579E-29', '1', '2.5712681709573E-58'),
(199, '2020000165', 'SHEEFA SALSABILLA', '', '', '', '', '', '', '', '', '', '2020000165', '0.5', '0.5', '0.48229125020019', '0.51770874979981', '0.45267315588747', '0.54732684411253', '0.40271795150302', '0.59728204849698', '0.31034979862474', '0.68965020137526', '0.16161185811507', '0.83838814188493', '0.032493301818258', '0.96750669818174', '0.00098419609168624', '0.99901580390831', '8.3059168844792E-7', '0.99999916940831', '5.80672033381E-13', '0.99999999999942', '2.8126279306941E-25', '1', '6.5888611289795E-50', '1'),
(200, '2020000111', 'SHINTA LESTARI AGUSTIYA', '', '', '', '', '', '', '', '', '', '2020000111', '0.4', '0.6', '0.30833725407664', '0.69166274592336', '0.1697381459818', '0.8302618540182', '0.042793619606729', '0.95720638039327', '0.0021249395542627', '0.99787506044574', '4.5996297920673E-6', '0.99999540037021', '2.0157334268711E-11', '0.99999999997984', '3.7035538362787E-22', '1', '1.2136670999122E-43', '1', '1.2707866665641E-86', '1', '1.372906558776E-172', '1', '0', '1'),
(201, '2020000250', 'SINTA FRANSISKA', '', '', '', '', '', '', '', '', '', '2020000250', '0.6', '0.4', '0.70878413602108', '0.29121586397892', '0.86873325546595', '0.13126674453405', '0.98081890493627', '0.019181095063726', '0.99965645074072', '0.00034354925928165', '0.9999998809179', '1.190820959472E-7', '0.99999999999998', '1.6127190396608E-14', '1', '3.2479008564747E-28', '1', '1.4227223217487E-55', '1', '2.9397205281476E-110', '1', '1.313302475996E-219', '1', '0'),
(202, '2002000107', 'SISILIA SIRINGO RINGO', '', '', '', '', '', '', '', '', '', '2002000107', '0.6', '0.4', '0.68125905726932', '0.31874094273068', '0.80765263026218', '0.19234736973782', '0.9390920670727', '0.060907932927296', '0.99515304380221', '0.0048469561977863', '0.99997351374641', '2.6486253591427E-5', '0.99999999925863', '7.4136577587589E-10', '1', '5.6178390309212E-19', '1', '3.1758145871394E-37', '1', '1.0053888363586E-73', '1', '1.0026919319997E-146', '1', '9.9644613338918E-293'),
(203, '2020000211', 'SISKA NURJANA', '', '', '', '', '', '', '', '', '', '2020000211', '0.6', '0.4', '0.6658350871048', '0.3341649128952', '0.77186726615048', '0.22813273384952', '0.90178753054983', '0.098212469450167', '0.98499426650562', '0.015005733494381', '0.99970849525069', '0.00029150474931371', '0.99999989703443', '1.0296556701265E-7', '0.99999999999999', '1.2715515932235E-14', '1', '1.9556752560073E-28', '1', '4.6958881070882E-56', '1', '2.7341445430094E-111', '1', '9.2866899350448E-222'),
(204, '', 'SITI HALIMAH', '', '', '', '', '', '', '', '', '', '', '0.7', '0.3', '0.84428680220094', '0.15571319779906', '0.96819148399537', '0.031808516004631', '0.99901861971991', '0.00098138028009178', '0.99999914284765', '8.5715234972627E-7', '0.99999999999932', '6.7670390989528E-13', '1', '4.4620557616122E-25', '1', '1.9955864516809E-49', '1', '4.0203025626834E-98', '1', '1.6326024382252E-195', '1', '0', '1', '0'),
(205, '2020000183', 'SITI IMUD MAINA', '', '', '', '', '', '', '', '', '', '2020000183', '0.4', '0.6', '0.32186057488913', '0.67813942511087', '0.20214033437088', '0.79785966562912', '0.072423422313137', '0.92757657768686', '0.0076126483564729', '0.99238735164353', '7.1117754378747E-5', '0.99992888224562', '5.7220083875038E-9', '0.99999999427799', '3.5907288227428E-17', '1', '1.4076658517788E-33', '1', '2.1731884193257E-66', '1', '5.2009221982477E-132', '1', '2.9815574725477E-263', '1'),
(206, '2020000099', 'SITI NURIANINGSIH', '', '', '', '', '', '', '', '', '', '2020000099', '0.4', '0.6', '0.35915191570947', '0.64084808429053', '0.28097381848452', '0.71902618151548', '0.15577569211468', '0.84422430788532', '0.039244833981605', '0.9607551660184', '0.0020485004312207', '0.99795149956878', '5.4464887032578E-6', '0.9999945535113', '3.9794997971428E-11', '0.9999999999602', '2.1705567226665E-21', '1', '6.5781045141092E-42', '1', '6.1052070524514E-83', '1', '5.2677697411531E-165', '1'),
(207, '2020000126', 'SITI RAMADHONA', '', '', '', '', '', '', '', '', '', '2020000126', '0.7', '0.3', '0.83897319590711', '0.16102680409289', '0.96189046011148', '0.038109539888515', '0.99823953030293', '0.001760469697074', '0.99999644130516', '3.5586948358522E-6', '0.99999999998585', '1.4154539784538E-11', '1', '2.158320813122E-22', '1', '4.9344714402987E-44', '1', '2.5731526568834E-87', '1', '7.0152926654942E-174', '1', '0', '1', '0'),
(208, '2020000256', 'SITI SYAFIRA', '', '', '', '', '', '', '', '', '', '2020000256', '0.4', '0.6', '0.29992027607849', '0.70007972392151', '0.14869434017751', '0.85130565982249', '0.027667785929225', '0.97233221407077', '0.00075921076865944', '0.99924078923134', '5.5592724848164E-7', '0.99999944407275', '3.0912944882E-13', '0.99999999999969', '9.8599155157441E-26', '1', '1.026200325951E-50', '1', '1.1334860026016E-100', '1', '1.3989603841732E-200', '1', '0', '1'),
(209, '2020000103', 'SRI RAHMA AZ-ZAHRA', '', '', '', '', '', '', '', '', '', '2020000103', '1', '0', '1', '0', '1', '0', '1', '0', '1', '0', '1', '0', '1', '0', '1', '0', '1', '0', '1', '0', '1', '0', '1', '0'),
(210, '2020000130', 'STEFANY INDI SULISTARI', '', '', '', '', '', '', '', '', '', '2020000130', '0.1', '0.9', '0.013292985571711', '0.98670701442829', '0.00021004141936279', '0.99978995858064', '5.5735123675789E-8', '0.99999994426488', '4.098596110179E-15', '1', '2.1373339239815E-29', '1', '5.4493349097374E-58', '1', '3.453849271779E-115', '1', '1.3925796190923E-229', '1', '0', '1', '0', '1', '0', '1'),
(211, '2020000228', 'STEVEN ARIL DOUGLAS SIMANJUNTAK', '', '', '', '', '', '', '', '', '', '2020000228', '0.5', '0.5', '0.52246091250826', '0.47753908749174', '0.58224334357081', '0.41775665642919', '0.71332183446143', '0.28667816553857', '0.89146021363604', '0.10853978636396', '0.98832241595031', '0.011677584049693', '0.99987852435381', '0.00012147564619308', '0.99999998655767', '1.3442329811511E-8', '1', '1.6675733519226E-16', '1', '2.5718384149416E-32', '1', '6.1156007552994E-64', '1', '3.4573260815947E-127'),
(212, '2020000106', 'SUCI RAHAYU', '', '', '', '', '', '', '', '', '', '2020000106', '1', '0', '1', '0', '1', '0', '1', '0', '1', '0', '1', '0', '1', '0', '1', '0', '1', '0', '1', '0', '1', '0', '1', '0'),
(213, '2020000264', 'SUCI RAHMA ADHA', '', '', '', '', '', '', '', '', '', '2020000264', '0.1', '0.9', '0.012364112141137', '0.98763588785886', '0.00015925223773262', '0.99984074776227', '2.5822765332969E-8', '0.99999997417723', '6.8861018587737E-16', '1', '4.9715737142466E-31', '1', '2.6456335953078E-61', '1', '7.6678236453202E-122', '1', '6.5826981768017E-243', '1', '0', '1', '0', '1', '0', '1'),
(214, '2020000134', 'SULASMI MUJI SERLLY HAPSARI', '', '', '', '', '', '', '', '', '', '2020000134', '0.2', '0.8', '0.056689688207667', '0.94331031179233', '0.0033749751619168', '0.99662502483808', '1.0349149285491E-5', '0.99998965085071', '9.6066230733766E-11', '0.99999999990393', '8.542956950844E-21', '1', '7.0846891590324E-41', '1', '5.027602369385E-81', '1', '2.5760612144483E-161', '1', '6.8181059126092E-322', '1', '0', '1', '0', '1'),
(215, '2020000221', 'SURYANI BR SITORUS', '', '', '', '', '', '', '', '', '', '2020000221', '0.4', '0.6', '0.27960855445023', '0.72039144554977', '0.10971579031875', '0.89028420968125', '0.011099179168018', '0.98890082083198', '8.8819046689917E-5', '0.99991118095331', '5.8310588736736E-9', '0.99999999416894', '2.7046123601498E-17', '1', '5.9758891836955E-34', '1', '2.9017040068461E-67', '1', '6.7301696195464E-134', '1', '3.5788484061754E-267', '1', '0', '1'),
(216, '2020000024', 'SYABRINA AULIA SINAGA', '', '', '', '', '', '', '', '', '', '2020000024', '0.7', '0.3', '0.85849360205743', '0.14150639794257', '0.97912255849277', '0.020877441507233', '0.9997089420603', '0.00029105793969892', '0.99999995060574', '4.9394255053641E-8', '1', '1.5702532692008E-15', '1', '1.881103707839E-30', '1', '2.9172627845693E-60', '1', '7.0664334473369E-120', '1', '4.0809872881198E-239', '1', '0', '1', '0'),
(217, '2020000142', 'SYAHLAN AL HAFIDZ', '', '', '', '', '', '', '', '', '', '2020000142', '0.2', '0.8', '0.070005378666521', '0.92999462133348', '0.0073776895222542', '0.99262231047775', '8.274785445531E-5', '0.99991725214554', '1.0550919841093E-8', '0.99999998944908', '1.5542137607559E-16', '1', '2.9282047184655E-32', '1', '9.5619385395005E-64', '1', '9.8035668752348E-127', '1', '1.0062129590729E-252', '1', '0', '1', '0', '1'),
(218, '2020000100', 'TARA SALSABILA', '', '', '', '', '', '', '', '', '', '2020000100', '0.4', '0.6', '0.23133826458094', '0.76866173541906', '0.050493348397749', '0.94950665160225', '0.0013239361677698', '0.99867606383223', '7.703196046533E-7', '0.9999992296804', '3.0111634796696E-13', '0.9999999999997', '5.6538697034101E-26', '1', '2.2099487175794E-51', '1', '3.4843692118436E-102', '1', '8.723852562965E-204', '1', '0', '1', '0', '1'),
(219, '2020000055', 'TASYA AULIA', '', '', '', '', '', '', '', '', '', '2020000055', '0.9', '0.1', '0.98723902559043', '0.012760974409571', '0.99981372579137', '0.00018627420863214', '0.99999995746952', '4.2530482622401E-8', '1', '2.3054000260999E-15', '1', '6.4198937122623E-30', '1', '4.5735904233053E-59', '1', '2.2274697366896E-117', '1', '5.2376687102443E-234', '1', '0', '1', '0', '1', '0');
INSERT INTO `siswa` (`id_siswa`, `no_peserta`, `nama_siswa`, `tempat_lahir`, `tanggal_lahir`, `agama`, `alamat`, `no_hp`, `asal_sekolah`, `status_sekolah_asal`, `bulan_tahun_masuk_smp`, `bulan_tahun_lulus_smp`, `password`, `partisi_c1`, `partisi_c2`, `µi1p1`, `µi2p1`, `µi1p2`, `µi2p2`, `µi1p3`, `µi2p3`, `µi1p4`, `µi2p4`, `µi1p5`, `µi2p5`, `µi1p6`, `µi2p6`, `µi1p7`, `µi2p7`, `µi1p8`, `µi2p8`, `µi1p9`, `µi2p9`, `µi1p10`, `µi2p10`, `µi1p11`, `µi2p11`) VALUES
(220, '2020000066', 'TINA NOVIYANTI', '', '', '', '', '', '', '', '', '', '2020000066', '0.8', '0.2', '0.94458219824116', '0.05541780175884', '0.99662858748734', '0.0033714125126601', '0.99998794929669', '1.2050703313992E-5', '0.99999999983517', '1.648302368139E-10', '1', '3.1566821634096E-20', '1', '1.1560756994026E-39', '1', '1.5940440790887E-78', '1', '3.1854176874489E-156', '1', '1.3484171375707E-311', '1', '0', '1', '0'),
(221, '2020000138', 'TRI WIDIANTOKO', '', '', '', '', '', '', '', '', '', '2020000138', '0.4', '0.6', '0.31445488083234', '0.68554511916766', '0.18902769955802', '0.81097230044198', '0.062831357793236', '0.93716864220676', '0.0057939359497635', '0.99420606405024', '4.1624566917266E-5', '0.99995837543308', '1.937184929471E-9', '0.99999999806282', '4.0240327178029E-18', '1', '1.7288255104852E-35', '1', '3.2154658345677E-70', '1', '1.1198165430886E-139', '1', '1.3602822883493E-278', '1'),
(222, '2020000040', 'TRINITA SALSA FADHIRA', '', '', '', '', '', '', '', '', '', '2020000040', '0.2', '0.8', '0.055745124665013', '0.94425487533499', '0.0032497521802211', '0.99675024781978', '9.791418269456E-6', '0.99999020858173', '8.8905991177551E-11', '0.99999999991109', '7.4828039049265E-21', '1', '5.4570081938938E-41', '1', '2.9736781381323E-81', '1', '8.9953044708554E-162', '1', '8.3991159793012E-323', '1', '0', '1', '0', '1'),
(223, '2020000068', 'TRIYA MURTI', '', '', '', '', '', '', '', '', '', '2020000068', '0.3', '0.7', '0.12185842667905', '0.87814157332095', '0.012464309553102', '0.9875356904469', '8.3820665179341E-5', '0.99991617933482', '3.4168945388324E-9', '0.99999999658311', '6.514696174652E-18', '1', '2.8853819985282E-35', '1', '6.2222095655108E-70', '1', '2.9612522841805E-139', '1', '6.6997406886782E-278', '1', '0', '1', '0', '1'),
(224, '2020000209', 'TUNTUN RENDI ANDREAS PASARIBU', '', '', '', '', '', '', '', '', '', '2020000209', '0.5', '0.5', '0.53408527478269', '0.46591472521731', '0.61398613720129', '0.38601386279871', '0.76908851014294', '0.23091148985706', '0.93698311273549', '0.063016887264507', '0.99642457476958', '0.0035754252304164', '0.99998883230878', '1.1167691218984E-5', '0.99999999988592', '1.1408046391241E-10', '1', '1.2206726204911E-20', '1', '1.4187814193747E-40', '1', '1.9321320374353E-80', '1', '3.5885160540442E-160'),
(225, '2020000018', 'VEBRI TRI RUMA HORBO', '', '', '', '', '', '', '', '', '', '2020000018', '0.9', '0.1', '0.98762981065375', '0.012370189346253', '0.99983703259689', '0.00016296740310571', '0.99999997139052', '2.8609483973681E-8', '1', '8.9759659585606E-16', '1', '8.690371786769E-31', '1', '7.9247811386684E-61', '1', '6.5194328985385E-121', '1', '4.4178282276691E-241', '1', '0', '1', '0', '1', '0'),
(226, '2020000248', 'VITTA APRILLIANDANI', '', '', '', '', '', '', '', '', '', '2020000248', '0.4', '0.6', '0.32324012648321', '0.67675987351679', '0.21019984927102', '0.78980015072898', '0.085716766575101', '0.9142832334249', '0.012094805623288', '0.98790519437671', '0.00019439875816817', '0.99980560124183', '4.3778778383945E-8', '0.99999995622122', '2.0980839754906E-15', '1', '4.7567630268256E-30', '1', '2.4482510002752E-59', '1', '6.5054423597492E-118', '1', '4.5971817095259E-235', '1'),
(227, '2020000017', 'WILIA DITA ASMARA', '', '', '', '', '', '', '', '', '', '2020000017', '0.5', '0.5', '0.48802842317193', '0.51197157682807', '0.45472509509817', '0.54527490490183', '0.37609065613519', '0.62390934386481', '0.23613300615575', '0.76386699384425', '0.077829449336991', '0.92217055066301', '0.0066188036591602', '0.99338119634084', '4.2864523628205E-5', '0.99995713547637', '1.7953892634095E-9', '0.99999999820461', '3.1652466274221E-18', '1', '9.8578434162599E-36', '1', '9.5644882209064E-71', '1'),
(228, '2020000152', 'WINDARI', '', '', '', '', '', '', '', '', '', '2020000152', '0.7', '0.3', '0.86281251673983', '0.13718748326017', '0.97961969693624', '0.020380303063761', '0.99967035620401', '0.00032964379599088', '0.99999991876701', '8.1232985158447E-8', '0.99999999999999', '5.1897697818816E-15', '1', '2.2883881018551E-29', '1', '4.6517416292708E-58', '1', '1.9590760545728E-115', '1', '3.5081876654171E-230', '1', '0', '1', '0'),
(229, '2020000105', 'WULANDARI', '', '', '', '', '', '', '', '', '', '2020000105', '0.5', '0.5', '0.51424214974171', '0.48575785025829', '0.56159884125661', '0.43840115874339', '0.67860610215864', '0.32139389784136', '0.85722141882166', '0.14277858117834', '0.97837527496476', '0.021624725035235', '0.9995657534007', '0.00043424659929833', '0.99999982252449', '1.7747550562085E-7', '0.99999999999997', '3.0069264266686E-14', '1', '8.6470921828302E-28', '1', '7.143192803911E-55', '1', '4.8722159561456E-109'),
(230, '2020000063', 'Zikri Jul Ikhsan', '', '', '', '', '', '', '', '', '', '2020000063', '0.5', '0.5', '0.51569371738276', '0.48430628261724', '0.55623012353471', '0.44376987646529', '0.64778348443747', '0.35221651556253', '0.80153770758557', '0.19846229241443', '0.94952753912876', '0.050472460871245', '0.99742144454982', '0.0025785554501814', '0.99999370836925', '6.2916307491358E-6', '0.99999999996239', '3.7607895051448E-11', '1', '1.3469975165607E-21', '1', '1.7289575278267E-42', '1', '2.8486030513324E-84'),
(231, '2020000151', 'zulaikha', '', '', '', '', '', '', '', '', '', '2020000151', '0.5', '0.5', '0.48850398575242', '0.51149601424758', '0.45138008788996', '0.54861991211004', '0.35919645448547', '0.64080354551454', '0.20086826706428', '0.79913173293572', '0.050451837348539', '0.94954816265146', '0.0025613905941609', '0.99743860940584', '6.2377345674254E-6', '0.99999376226543', '3.7156959184669E-11', '0.99999999996284', '1.3178740866319E-21', '1', '1.654653660681E-42', '1', '2.6070126698366E-84', '1'),
(232, '2020000050', 'ZULFA HAFIZAH', '', '', '', '', '', '', '', '', '', '2020000050', '0.7', '0.3', '0.83467008146122', '0.16532991853878', '0.95767183979761', '0.042328160202385', '0.99765474870021', '0.0023452512997937', '0.99999322354025', '6.7764597462524E-6', '0.99999999994618', '5.3824410736515E-11', '1', '3.1710297211116E-21', '1', '1.0582048521071E-41', '1', '1.1592462671211E-82', '1', '1.3795670471543E-164', '1', '0', '1', '0');

-- --------------------------------------------------------

--
-- Table structure for table `wakasis`
--

CREATE TABLE `wakasis` (
  `id_wakasis` int(11) NOT NULL,
  `nama_wakasis` varchar(50) CHARACTER SET latin1 COLLATE latin1_swedish_ci NOT NULL,
  `nip` varchar(40) NOT NULL,
  `username` varchar(50) NOT NULL,
  `password` varchar(20) NOT NULL
) ENGINE=InnoDB DEFAULT CHARSET=latin1;

--
-- Dumping data for table `wakasis`
--

INSERT INTO `wakasis` (`id_wakasis`, `nama_wakasis`, `nip`, `username`, `password`) VALUES
(1, 'Badu Rahman', '196710106700223', 'badu', 'badu123');

--
-- Indexes for dumped tables
--

--
-- Indexes for table `bk`
--
ALTER TABLE `bk`
  ADD PRIMARY KEY (`id_bk`);

--
-- Indexes for table `fcm`
--
ALTER TABLE `fcm`
  ADD PRIMARY KEY (`id_fcm`);

--
-- Indexes for table `minat_kerja`
--
ALTER TABLE `minat_kerja`
  ADD PRIMARY KEY (`id_minat_kerja`);

--
-- Indexes for table `minat_mapel`
--
ALTER TABLE `minat_mapel`
  ADD PRIMARY KEY (`id_minat_mapel`);

--
-- Indexes for table `minat_pt`
--
ALTER TABLE `minat_pt`
  ADD PRIMARY KEY (`id_minat_pt`);

--
-- Indexes for table `nilai`
--
ALTER TABLE `nilai`
  ADD PRIMARY KEY (`id_nilai`);

--
-- Indexes for table `peminatan`
--
ALTER TABLE `peminatan`
  ADD PRIMARY KEY (`id_peminatan`);

--
-- Indexes for table `siswa`
--
ALTER TABLE `siswa`
  ADD PRIMARY KEY (`id_siswa`);

--
-- Indexes for table `wakasis`
--
ALTER TABLE `wakasis`
  ADD PRIMARY KEY (`id_wakasis`);

--
-- AUTO_INCREMENT for dumped tables
--

--
-- AUTO_INCREMENT for table `bk`
--
ALTER TABLE `bk`
  MODIFY `id_bk` int(11) NOT NULL AUTO_INCREMENT, AUTO_INCREMENT=2;

--
-- AUTO_INCREMENT for table `fcm`
--
ALTER TABLE `fcm`
  MODIFY `id_fcm` int(11) NOT NULL AUTO_INCREMENT, AUTO_INCREMENT=2;

--
-- AUTO_INCREMENT for table `minat_kerja`
--
ALTER TABLE `minat_kerja`
  MODIFY `id_minat_kerja` int(11) NOT NULL AUTO_INCREMENT, AUTO_INCREMENT=5;

--
-- AUTO_INCREMENT for table `minat_mapel`
--
ALTER TABLE `minat_mapel`
  MODIFY `id_minat_mapel` int(11) NOT NULL AUTO_INCREMENT, AUTO_INCREMENT=4;

--
-- AUTO_INCREMENT for table `minat_pt`
--
ALTER TABLE `minat_pt`
  MODIFY `id_minat_pt` int(11) NOT NULL AUTO_INCREMENT, AUTO_INCREMENT=4;

--
-- AUTO_INCREMENT for table `nilai`
--
ALTER TABLE `nilai`
  MODIFY `id_nilai` int(11) NOT NULL AUTO_INCREMENT, AUTO_INCREMENT=234;

--
-- AUTO_INCREMENT for table `peminatan`
--
ALTER TABLE `peminatan`
  MODIFY `id_peminatan` int(11) NOT NULL AUTO_INCREMENT, AUTO_INCREMENT=2;

--
-- AUTO_INCREMENT for table `siswa`
--
ALTER TABLE `siswa`
  MODIFY `id_siswa` int(11) NOT NULL AUTO_INCREMENT, AUTO_INCREMENT=234;

--
-- AUTO_INCREMENT for table `wakasis`
--
ALTER TABLE `wakasis`
  MODIFY `id_wakasis` int(11) NOT NULL AUTO_INCREMENT, AUTO_INCREMENT=2;
COMMIT;

/*!40101 SET CHARACTER_SET_CLIENT=@OLD_CHARACTER_SET_CLIENT */;
/*!40101 SET CHARACTER_SET_RESULTS=@OLD_CHARACTER_SET_RESULTS */;
/*!40101 SET COLLATION_CONNECTION=@OLD_COLLATION_CONNECTION */;
